office,candidate,party,reporting_level,jurisdiction,votes
President,Gore / Lieberman,Democratic,county,Adair,1753
President,Bush / Cheney,Republican,county,Adair,2275
President,Browne / Olivier,Libertarian Party of Iowa,county,Adair,4
President,Nader / Laduke,Iowa Green Party,county,Adair,66
President,Buchanan / Foster,Reform Party,county,Adair,14
President,Harris / Trowe,Socialist Workers,county,Adair,0
President,Phillips / Frazier,Constitution,county,Adair,3
President,McReynolds / Hollis,Socialist Party USA,county,Adair,1
President,Hagelin / Goldhaber,Nominated by Petition,county,Adair,5
President,Scattering,,county,Adair,2
President,Totals,,county,Adair,4123
President,Gore / Lieberman,Democratic,county,Adams,897
President,Bush / Cheney,Republican,county,Adams,1170
President,Browne / Olivier,Libertarian Party of Iowa,county,Adams,4
President,Nader / Laduke,Iowa Green Party,county,Adams,51
President,Buchanan / Foster,Reform Party,county,Adams,16
President,Harris / Trowe,Socialist Workers,county,Adams,1
President,Phillips / Frazier,Constitution,county,Adams,0
President,McReynolds / Hollis,Socialist Party USA,county,Adams,1
President,Hagelin / Goldhaber,Nominated by Petition,county,Adams,3
President,Scattering,,county,Adams,2
President,Totals,,county,Adams,2145
President,Gore / Lieberman,Democratic,county,Allamakee,2883
President,Bush / Cheney,Republican,county,Allamakee,3277
President,Browne / Olivier,Libertarian Party of Iowa,county,Allamakee,13
President,Nader / Laduke,Iowa Green Party,county,Allamakee,199
President,Buchanan / Foster,Reform Party,county,Allamakee,68
President,Harris / Trowe,Socialist Workers,county,Allamakee,2
President,Phillips / Frazier,Constitution,county,Allamakee,4
President,McReynolds / Hollis,Socialist Party USA,county,Allamakee,1
President,Hagelin / Goldhaber,Nominated by Petition,county,Allamakee,8
President,Scattering,,county,Allamakee,7
President,Totals,,county,Allamakee,6462
President,Gore / Lieberman,Democratic,county,Appanoose,2560
President,Bush / Cheney,Republican,county,Appanoose,2992
President,Browne / Olivier,Libertarian Party of Iowa,county,Appanoose,15
President,Nader / Laduke,Iowa Green Party,county,Appanoose,105
President,Buchanan / Foster,Reform Party,county,Appanoose,18
President,Harris / Trowe,Socialist Workers,county,Appanoose,2
President,Phillips / Frazier,Constitution,county,Appanoose,7
President,McReynolds / Hollis,Socialist Party USA,county,Appanoose,0
President,Hagelin / Goldhaber,Nominated by Petition,county,Appanoose,3
President,Scattering,,county,Appanoose,2
President,Totals,,county,Appanoose,5704
President,Gore / Lieberman,Democratic,county,Audubon,1780
President,Bush / Cheney,Republican,county,Audubon,1909
President,Browne / Olivier,Libertarian Party of Iowa,county,Audubon,6
President,Nader / Laduke,Iowa Green Party,county,Audubon,56
President,Buchanan / Foster,Reform Party,county,Audubon,23
President,Harris / Trowe,Socialist Workers,county,Audubon,0
President,Phillips / Frazier,Constitution,county,Audubon,2
President,McReynolds / Hollis,Socialist Party USA,county,Audubon,0
President,Hagelin / Goldhaber,Nominated by Petition,county,Audubon,3
President,Scattering,,county,Audubon,5
President,Totals,,county,Audubon,3784
President,Gore / Lieberman,Democratic,county,Benton,5915
President,Bush / Cheney,Republican,county,Benton,5468
President,Browne / Olivier,Libertarian Party of Iowa,county,Benton,25
President,Nader / Laduke,Iowa Green Party,county,Benton,231
President,Buchanan / Foster,Reform Party,county,Benton,95
President,Harris / Trowe,Socialist Workers,county,Benton,2
President,Phillips / Frazier,Constitution,county,Benton,3
President,McReynolds / Hollis,Socialist Party USA,county,Benton,2
President,Hagelin / Goldhaber,Nominated by Petition,county,Benton,13
President,Scattering,,county,Benton,12
President,Totals,,county,Benton,11766
President,Gore / Lieberman,Democratic,county,Black Hawk,30112
President,Bush / Cheney,Republican,county,Black Hawk,23468
President,Browne / Olivier,Libertarian Party of Iowa,county,Black Hawk,107
President,Nader / Laduke,Iowa Green Party,county,Black Hawk,1132
President,Buchanan / Foster,Reform Party,county,Black Hawk,163
President,Harris / Trowe,Socialist Workers,county,Black Hawk,2
President,Phillips / Frazier,Constitution,county,Black Hawk,19
President,McReynolds / Hollis,Socialist Party USA,county,Black Hawk,0
President,Hagelin / Goldhaber,Nominated by Petition,county,Black Hawk,21
President,Scattering,,county,Black Hawk,61
President,Totals,,county,Black Hawk,55085
President,Gore / Lieberman,Democratic,county,Boone,6270
President,Bush / Cheney,Republican,county,Boone,5625
President,Browne / Olivier,Libertarian Party of Iowa,county,Boone,15
President,Nader / Laduke,Iowa Green Party,county,Boone,252
President,Buchanan / Foster,Reform Party,county,Boone,46
President,Harris / Trowe,Socialist Workers,county,Boone,1
President,Phillips / Frazier,Constitution,county,Boone,14
President,McReynolds / Hollis,Socialist Party USA,county,Boone,0
President,Hagelin / Goldhaber,Nominated by Petition,county,Boone,9
President,Scattering,,county,Boone,17
President,Totals,,county,Boone,12249
President,Gore / Lieberman,Democratic,county,Bremer,5169
President,Bush / Cheney,Republican,county,Bremer,5675
President,Browne / Olivier,Libertarian Party of Iowa,county,Bremer,17
President,Nader / Laduke,Iowa Green Party,county,Bremer,260
President,Buchanan / Foster,Reform Party,county,Bremer,28
President,Harris / Trowe,Socialist Workers,county,Bremer,0
President,Phillips / Frazier,Constitution,county,Bremer,3
President,McReynolds / Hollis,Socialist Party USA,county,Bremer,2
President,Hagelin / Goldhaber,Nominated by Petition,county,Bremer,7
President,Scattering,,county,Bremer,14
President,Totals,,county,Bremer,11175
President,Gore / Lieberman,Democratic,county,Buchanan,5045
President,Bush / Cheney,Republican,county,Buchanan,4092
President,Browne / Olivier,Libertarian Party of Iowa,county,Buchanan,19
President,Nader / Laduke,Iowa Green Party,county,Buchanan,171
President,Buchanan / Foster,Reform Party,county,Buchanan,52
President,Harris / Trowe,Socialist Workers,county,Buchanan,3
President,Phillips / Frazier,Constitution,county,Buchanan,7
President,McReynolds / Hollis,Socialist Party USA,county,Buchanan,2
President,Hagelin / Goldhaber,Nominated by Petition,county,Buchanan,11
President,Scattering,,county,Buchanan,8
President,Totals,,county,Buchanan,9410
President,Gore / Lieberman,Democratic,county,Buena Vista,3297
President,Bush / Cheney,Republican,county,Buena Vista,4354
President,Browne / Olivier,Libertarian Party of Iowa,county,Buena Vista,15
President,Nader / Laduke,Iowa Green Party,county,Buena Vista,227
President,Buchanan / Foster,Reform Party,county,Buena Vista,59
President,Harris / Trowe,Socialist Workers,county,Buena Vista,5
President,Phillips / Frazier,Constitution,county,Buena Vista,8
President,McReynolds / Hollis,Socialist Party USA,county,Buena Vista,1
President,Hagelin / Goldhaber,Nominated by Petition,county,Buena Vista,7
President,Scattering,,county,Buena Vista,4
President,Totals,,county,Buena Vista,7977
President,Gore / Lieberman,Democratic,county,Butler,2735
President,Bush / Cheney,Republican,county,Butler,3837
President,Browne / Olivier,Libertarian Party of Iowa,county,Butler,11
President,Nader / Laduke,Iowa Green Party,county,Butler,113
President,Buchanan / Foster,Reform Party,county,Butler,12
President,Harris / Trowe,Socialist Workers,county,Butler,2
President,Phillips / Frazier,Constitution,county,Butler,1
President,McReynolds / Hollis,Socialist Party USA,county,Butler,0
President,Hagelin / Goldhaber,Nominated by Petition,county,Butler,9
President,Scattering,,county,Butler,4
President,Totals,,county,Butler,6724
President,Gore / Lieberman,Democratic,county,Calhoun,2132
President,Bush / Cheney,Republican,county,Calhoun,2776
President,Browne / Olivier,Libertarian Party of Iowa,county,Calhoun,12
President,Nader / Laduke,Iowa Green Party,county,Calhoun,93
President,Buchanan / Foster,Reform Party,county,Calhoun,18
President,Harris / Trowe,Socialist Workers,county,Calhoun,0
President,Phillips / Frazier,Constitution,county,Calhoun,6
President,McReynolds / Hollis,Socialist Party USA,county,Calhoun,0
President,Hagelin / Goldhaber,Nominated by Petition,county,Calhoun,2
President,Scattering,,county,Calhoun,2
President,Totals,,county,Calhoun,5041
President,Gore / Lieberman,Democratic,county,Carroll,4463
President,Bush / Cheney,Republican,county,Carroll,4879
President,Browne / Olivier,Libertarian Party of Iowa,county,Carroll,11
President,Nader / Laduke,Iowa Green Party,county,Carroll,146
President,Buchanan / Foster,Reform Party,county,Carroll,46
President,Harris / Trowe,Socialist Workers,county,Carroll,0
President,Phillips / Frazier,Constitution,county,Carroll,5
President,McReynolds / Hollis,Socialist Party USA,county,Carroll,1
President,Hagelin / Goldhaber,Nominated by Petition,county,Carroll,9
President,Scattering,,county,Carroll,8
President,Totals,,county,Carroll,9568
President,Gore / Lieberman,Democratic,county,Cass,2481
President,Bush / Cheney,Republican,county,Cass,4206
President,Browne / Olivier,Libertarian Party of Iowa,county,Cass,9
President,Nader / Laduke,Iowa Green Party,county,Cass,147
President,Buchanan / Foster,Reform Party,county,Cass,22
President,Harris / Trowe,Socialist Workers,county,Cass,1
President,Phillips / Frazier,Constitution,county,Cass,1
President,McReynolds / Hollis,Socialist Party USA,county,Cass,0
President,Hagelin / Goldhaber,Nominated by Petition,county,Cass,5
President,Scattering,,county,Cass,8
President,Totals,,county,Cass,6880
President,Gore / Lieberman,Democratic,county,Cedar,4033
President,Bush / Cheney,Republican,county,Cedar,4031
President,Browne / Olivier,Libertarian Party of Iowa,county,Cedar,16
President,Nader / Laduke,Iowa Green Party,county,Cedar,212
President,Buchanan / Foster,Reform Party,county,Cedar,32
President,Harris / Trowe,Socialist Workers,county,Cedar,0
President,Phillips / Frazier,Constitution,county,Cedar,0
President,McReynolds / Hollis,Socialist Party USA,county,Cedar,0
President,Hagelin / Goldhaber,Nominated by Petition,county,Cedar,11
President,Scattering,,county,Cedar,9
President,Totals,,county,Cedar,8344
President,Gore / Lieberman,Democratic,county,Cerro Gordo,12185
President,Bush / Cheney,Republican,county,Cerro Gordo,9397
President,Browne / Olivier,Libertarian Party of Iowa,county,Cerro Gordo,42
President,Nader / Laduke,Iowa Green Party,county,Cerro Gordo,408
President,Buchanan / Foster,Reform Party,county,Cerro Gordo,77
President,Harris / Trowe,Socialist Workers,county,Cerro Gordo,4
President,Phillips / Frazier,Constitution,county,Cerro Gordo,4
President,McReynolds / Hollis,Socialist Party USA,county,Cerro Gordo,2
President,Hagelin / Goldhaber,Nominated by Petition,county,Cerro Gordo,23
President,Scattering,,county,Cerro Gordo,20
President,Totals,,county,Cerro Gordo,22162
President,Gore / Lieberman,Democratic,county,Cherokee,2845
President,Bush / Cheney,Republican,county,Cherokee,3463
President,Browne / Olivier,Libertarian Party of Iowa,county,Cherokee,10
President,Nader / Laduke,Iowa Green Party,county,Cherokee,160
President,Buchanan / Foster,Reform Party,county,Cherokee,83
President,Harris / Trowe,Socialist Workers,county,Cherokee,1
President,Phillips / Frazier,Constitution,county,Cherokee,7
President,McReynolds / Hollis,Socialist Party USA,county,Cherokee,2
President,Hagelin / Goldhaber,Nominated by Petition,county,Cherokee,12
President,Scattering,,county,Cherokee,9
President,Totals,,county,Cherokee,6592
President,Gore / Lieberman,Democratic,county,Chickasaw,3435
President,Bush / Cheney,Republican,county,Chickasaw,2936
President,Browne / Olivier,Libertarian Party of Iowa,county,Chickasaw,8
President,Nader / Laduke,Iowa Green Party,county,Chickasaw,145
President,Buchanan / Foster,Reform Party,county,Chickasaw,40
President,Harris / Trowe,Socialist Workers,county,Chickasaw,1
President,Phillips / Frazier,Constitution,county,Chickasaw,3
President,McReynolds / Hollis,Socialist Party USA,county,Chickasaw,0
President,Hagelin / Goldhaber,Nominated by Petition,county,Chickasaw,13
President,Scattering,,county,Chickasaw,3
President,Totals,,county,Chickasaw,6584
President,Gore / Lieberman,Democratic,county,Clarke,2081
President,Bush / Cheney,Republican,county,Clarke,1984
President,Browne / Olivier,Libertarian Party of Iowa,county,Clarke,6
President,Nader / Laduke,Iowa Green Party,county,Clarke,75
President,Buchanan / Foster,Reform Party,county,Clarke,22
President,Harris / Trowe,Socialist Workers,county,Clarke,0
President,Phillips / Frazier,Constitution,county,Clarke,2
President,McReynolds / Hollis,Socialist Party USA,county,Clarke,1
President,Hagelin / Goldhaber,Nominated by Petition,county,Clarke,2
President,Scattering,,county,Clarke,3
President,Totals,,county,Clarke,4176
President,Gore / Lieberman,Democratic,county,Clay,3294
President,Bush / Cheney,Republican,county,Clay,3992
President,Browne / Olivier,Libertarian Party of Iowa,county,Clay,20
President,Nader / Laduke,Iowa Green Party,county,Clay,166
President,Buchanan / Foster,Reform Party,county,Clay,51
President,Harris / Trowe,Socialist Workers,county,Clay,7
President,Phillips / Frazier,Constitution,county,Clay,4
President,McReynolds / Hollis,Socialist Party USA,county,Clay,2
President,Hagelin / Goldhaber,Nominated by Petition,county,Clay,33
President,Scattering,,county,Clay,9
President,Totals,,county,Clay,7578
President,Gore / Lieberman,Democratic,county,Clayton,4238
President,Bush / Cheney,Republican,county,Clayton,4034
President,Browne / Olivier,Libertarian Party of Iowa,county,Clayton,18
President,Nader / Laduke,Iowa Green Party,county,Clayton,206
President,Buchanan / Foster,Reform Party,county,Clayton,58
President,Harris / Trowe,Socialist Workers,county,Clayton,1
President,Phillips / Frazier,Constitution,county,Clayton,2
President,McReynolds / Hollis,Socialist Party USA,county,Clayton,0
President,Hagelin / Goldhaber,Nominated by Petition,county,Clayton,11
President,Scattering,,county,Clayton,3
President,Totals,,county,Clayton,8571
President,Gore / Lieberman,Democratic,county,Clinton,12276
President,Bush / Cheney,Republican,county,Clinton,9229
President,Browne / Olivier,Libertarian Party of Iowa,county,Clinton,65
President,Nader / Laduke,Iowa Green Party,county,Clinton,471
President,Buchanan / Foster,Reform Party,county,Clinton,113
President,Harris / Trowe,Socialist Workers,county,Clinton,0
President,Phillips / Frazier,Constitution,county,Clinton,4
President,McReynolds / Hollis,Socialist Party USA,county,Clinton,1
President,Hagelin / Goldhaber,Nominated by Petition,county,Clinton,17
President,Scattering,,county,Clinton,4
President,Totals,,county,Clinton,22180
President,Gore / Lieberman,Democratic,county,Crawford,2838
President,Bush / Cheney,Republican,county,Crawford,3482
President,Browne / Olivier,Libertarian Party of Iowa,county,Crawford,26
President,Nader / Laduke,Iowa Green Party,county,Crawford,146
President,Buchanan / Foster,Reform Party,county,Crawford,53
President,Harris / Trowe,Socialist Workers,county,Crawford,0
President,Phillips / Frazier,Constitution,county,Crawford,4
President,McReynolds / Hollis,Socialist Party USA,county,Crawford,0
President,Hagelin / Goldhaber,Nominated by Petition,county,Crawford,6
President,Scattering,,county,Crawford,0
President,Totals,,county,Crawford,6555
President,Gore / Lieberman,Democratic,county,Dallas,8561
President,Bush / Cheney,Republican,county,Dallas,10306
President,Browne / Olivier,Libertarian Party of Iowa,county,Dallas,29
President,Nader / Laduke,Iowa Green Party,county,Dallas,320
President,Buchanan / Foster,Reform Party,county,Dallas,63
President,Harris / Trowe,Socialist Workers,county,Dallas,4
President,Phillips / Frazier,Constitution,county,Dallas,8
President,McReynolds / Hollis,Socialist Party USA,county,Dallas,0
President,Hagelin / Goldhaber,Nominated by Petition,county,Dallas,13
President,Scattering,,county,Dallas,26
President,Totals,,county,Dallas,19330
President,Gore / Lieberman,Democratic,county,Davis,1691
President,Bush / Cheney,Republican,county,Davis,1956
President,Browne / Olivier,Libertarian Party of Iowa,county,Davis,8
President,Nader / Laduke,Iowa Green Party,county,Davis,67
President,Buchanan / Foster,Reform Party,county,Davis,19
President,Harris / Trowe,Socialist Workers,county,Davis,0
President,Phillips / Frazier,Constitution,county,Davis,8
President,McReynolds / Hollis,Socialist Party USA,county,Davis,0
President,Hagelin / Goldhaber,Nominated by Petition,county,Davis,6
President,Scattering,,county,Davis,3
President,Totals,,county,Davis,3758
President,Gore / Lieberman,Democratic,county,Decatur,1674
President,Bush / Cheney,Republican,county,Decatur,1903
President,Browne / Olivier,Libertarian Party of Iowa,county,Decatur,13
President,Nader / Laduke,Iowa Green Party,county,Decatur,94
President,Buchanan / Foster,Reform Party,county,Decatur,13
President,Harris / Trowe,Socialist Workers,county,Decatur,0
President,Phillips / Frazier,Constitution,county,Decatur,4
President,McReynolds / Hollis,Socialist Party USA,county,Decatur,0
President,Hagelin / Goldhaber,Nominated by Petition,county,Decatur,8
President,Scattering,,county,Decatur,0
President,Totals,,county,Decatur,3709
President,Gore / Lieberman,Democratic,county,Delaware,3808
President,Bush / Cheney,Republican,county,Delaware,4273
President,Browne / Olivier,Libertarian Party of Iowa,county,Delaware,50
President,Nader / Laduke,Iowa Green Party,county,Delaware,161
President,Buchanan / Foster,Reform Party,county,Delaware,44
President,Harris / Trowe,Socialist Workers,county,Delaware,2
President,Phillips / Frazier,Constitution,county,Delaware,1
President,McReynolds / Hollis,Socialist Party USA,county,Delaware,0
President,Hagelin / Goldhaber,Nominated by Petition,county,Delaware,8
President,Scattering,,county,Delaware,2
President,Totals,,county,Delaware,8349
President,Gore / Lieberman,Democratic,county,Des Moines,11351
President,Bush / Cheney,Republican,county,Des Moines,7385
President,Browne / Olivier,Libertarian Party of Iowa,county,Des Moines,50
President,Nader / Laduke,Iowa Green Party,county,Des Moines,409
President,Buchanan / Foster,Reform Party,county,Des Moines,121
President,Harris / Trowe,Socialist Workers,county,Des Moines,3
President,Phillips / Frazier,Constitution,county,Des Moines,8
President,McReynolds / Hollis,Socialist Party USA,county,Des Moines,1
President,Hagelin / Goldhaber,Nominated by Petition,county,Des Moines,20
President,Scattering,,county,Des Moines,17
President,Totals,,county,Des Moines,19365
President,Gore / Lieberman,Democratic,county,Dickinson,3660
President,Bush / Cheney,Republican,county,Dickinson,4225
President,Browne / Olivier,Libertarian Party of Iowa,county,Dickinson,14
President,Nader / Laduke,Iowa Green Party,county,Dickinson,169
President,Buchanan / Foster,Reform Party,county,Dickinson,35
President,Harris / Trowe,Socialist Workers,county,Dickinson,2
President,Phillips / Frazier,Constitution,county,Dickinson,1
President,McReynolds / Hollis,Socialist Party USA,county,Dickinson,0
President,Hagelin / Goldhaber,Nominated by Petition,county,Dickinson,3
President,Scattering,,county,Dickinson,12
President,Totals,,county,Dickinson,8121
President,Gore / Lieberman,Democratic,county,Dubuque,22341
President,Bush / Cheney,Republican,county,Dubuque,16462
President,Browne / Olivier,Libertarian Party of Iowa,county,Dubuque,154
President,Nader / Laduke,Iowa Green Party,county,Dubuque,987
President,Buchanan / Foster,Reform Party,county,Dubuque,298
President,Harris / Trowe,Socialist Workers,county,Dubuque,6
President,Phillips / Frazier,Constitution,county,Dubuque,14
President,McReynolds / Hollis,Socialist Party USA,county,Dubuque,3
President,Hagelin / Goldhaber,Nominated by Petition,county,Dubuque,35
President,Scattering,,county,Dubuque,23
President,Totals,,county,Dubuque,40323
President,Gore / Lieberman,Democratic,county,Emmet,2165
President,Bush / Cheney,Republican,county,Emmet,2331
President,Browne / Olivier,Libertarian Party of Iowa,county,Emmet,7
President,Nader / Laduke,Iowa Green Party,county,Emmet,98
President,Buchanan / Foster,Reform Party,county,Emmet,19
President,Harris / Trowe,Socialist Workers,county,Emmet,1
President,Phillips / Frazier,Constitution,county,Emmet,1
President,McReynolds / Hollis,Socialist Party USA,county,Emmet,0
President,Hagelin / Goldhaber,Nominated by Petition,county,Emmet,4
President,Scattering,,county,Emmet,4
President,Totals,,county,Emmet,4630
President,Gore / Lieberman,Democratic,county,Fayette,4640
President,Bush / Cheney,Republican,county,Fayette,4747
President,Browne / Olivier,Libertarian Party of Iowa,county,Fayette,17
President,Nader / Laduke,Iowa Green Party,county,Fayette,174
President,Buchanan / Foster,Reform Party,county,Fayette,28
President,Harris / Trowe,Socialist Workers,county,Fayette,1
President,Phillips / Frazier,Constitution,county,Fayette,3
President,McReynolds / Hollis,Socialist Party USA,county,Fayette,1
President,Hagelin / Goldhaber,Nominated by Petition,county,Fayette,7
President,Scattering,,county,Fayette,3
President,Totals,,county,Fayette,9621
President,Gore / Lieberman,Democratic,county,Floyd,3830
President,Bush / Cheney,Republican,county,Floyd,3191
President,Browne / Olivier,Libertarian Party of Iowa,county,Floyd,15
President,Nader / Laduke,Iowa Green Party,county,Floyd,154
President,Buchanan / Foster,Reform Party,county,Floyd,33
President,Harris / Trowe,Socialist Workers,county,Floyd,0
President,Phillips / Frazier,Constitution,county,Floyd,2
President,McReynolds / Hollis,Socialist Party USA,county,Floyd,0
President,Hagelin / Goldhaber,Nominated by Petition,county,Floyd,7
President,Scattering,,county,Floyd,6
President,Totals,,county,Floyd,7238
President,Gore / Lieberman,Democratic,county,Franklin,2122
President,Bush / Cheney,Republican,county,Franklin,2657
President,Browne / Olivier,Libertarian Party of Iowa,county,Franklin,17
President,Nader / Laduke,Iowa Green Party,county,Franklin,110
President,Buchanan / Foster,Reform Party,county,Franklin,16
President,Harris / Trowe,Socialist Workers,county,Franklin,1
President,Phillips / Frazier,Constitution,county,Franklin,3
President,McReynolds / Hollis,Socialist Party USA,county,Franklin,0
President,Hagelin / Goldhaber,Nominated by Petition,county,Franklin,8
President,Scattering,,county,Franklin,4
President,Totals,,county,Franklin,4938
President,Gore / Lieberman,Democratic,county,Fremont,1459
President,Bush / Cheney,Republican,county,Fremont,2069
President,Browne / Olivier,Libertarian Party of Iowa,county,Fremont,6
President,Nader / Laduke,Iowa Green Party,county,Fremont,63
President,Buchanan / Foster,Reform Party,county,Fremont,9
President,Harris / Trowe,Socialist Workers,county,Fremont,1
President,Phillips / Frazier,Constitution,county,Fremont,3
President,McReynolds / Hollis,Socialist Party USA,county,Fremont,0
President,Hagelin / Goldhaber,Nominated by Petition,county,Fremont,3
President,Scattering,,county,Fremont,3
President,Totals,,county,Fremont,3616
President,Gore / Lieberman,Democratic,county,Greene,2301
President,Bush / Cheney,Republican,county,Greene,2282
President,Browne / Olivier,Libertarian Party of Iowa,county,Greene,7
President,Nader / Laduke,Iowa Green Party,county,Greene,106
President,Buchanan / Foster,Reform Party,county,Greene,16
President,Harris / Trowe,Socialist Workers,county,Greene,1
President,Phillips / Frazier,Constitution,county,Greene,2
President,McReynolds / Hollis,Socialist Party USA,county,Greene,0
President,Hagelin / Goldhaber,Nominated by Petition,county,Greene,4
President,Scattering,,county,Greene,0
President,Totals,,county,Greene,4719
President,Gore / Lieberman,Democratic,county,Grundy,2139
President,Bush / Cheney,Republican,county,Grundy,3851
President,Browne / Olivier,Libertarian Party of Iowa,county,Grundy,14
President,Nader / Laduke,Iowa Green Party,county,Grundy,70
President,Buchanan / Foster,Reform Party,county,Grundy,16
President,Harris / Trowe,Socialist Workers,county,Grundy,1
President,Phillips / Frazier,Constitution,county,Grundy,7
President,McReynolds / Hollis,Socialist Party USA,county,Grundy,0
President,Hagelin / Goldhaber,Nominated by Petition,county,Grundy,3
President,Scattering,,county,Grundy,10
President,Totals,,county,Grundy,6111
President,Gore / Lieberman,Democratic,county,Guthrie,2493
President,Bush / Cheney,Republican,county,Guthrie,2840
President,Browne / Olivier,Libertarian Party of Iowa,county,Guthrie,17
President,Nader / Laduke,Iowa Green Party,county,Guthrie,86
President,Buchanan / Foster,Reform Party,county,Guthrie,21
President,Harris / Trowe,Socialist Workers,county,Guthrie,0
President,Phillips / Frazier,Constitution,county,Guthrie,3
President,McReynolds / Hollis,Socialist Party USA,county,Guthrie,1
President,Hagelin / Goldhaber,Nominated by Petition,county,Guthrie,5
President,Scattering,,county,Guthrie,3
President,Totals,,county,Guthrie,5469
President,Gore / Lieberman,Democratic,county,Hamilton,3407
President,Bush / Cheney,Republican,county,Hamilton,3968
President,Browne / Olivier,Libertarian Party of Iowa,county,Hamilton,16
President,Nader / Laduke,Iowa Green Party,county,Hamilton,141
President,Buchanan / Foster,Reform Party,county,Hamilton,28
President,Harris / Trowe,Socialist Workers,county,Hamilton,1
President,Phillips / Frazier,Constitution,county,Hamilton,6
President,McReynolds / Hollis,Socialist Party USA,county,Hamilton,1
President,Hagelin / Goldhaber,Nominated by Petition,county,Hamilton,1
President,Scattering,,county,Hamilton,5
President,Totals,,county,Hamilton,7574
President,Gore / Lieberman,Democratic,county,Hancock,2281
President,Bush / Cheney,Republican,county,Hancock,2988
President,Browne / Olivier,Libertarian Party of Iowa,county,Hancock,6
President,Nader / Laduke,Iowa Green Party,county,Hancock,123
President,Buchanan / Foster,Reform Party,county,Hancock,23
President,Harris / Trowe,Socialist Workers,county,Hancock,0
President,Phillips / Frazier,Constitution,county,Hancock,5
President,McReynolds / Hollis,Socialist Party USA,county,Hancock,0
President,Hagelin / Goldhaber,Nominated by Petition,county,Hancock,10
President,Scattering,,county,Hancock,2
President,Totals,,county,Hancock,5438
President,Gore / Lieberman,Democratic,county,Hardin,3734
President,Bush / Cheney,Republican,county,Hardin,4486
President,Browne / Olivier,Libertarian Party of Iowa,county,Hardin,19
President,Nader / Laduke,Iowa Green Party,county,Hardin,141
President,Buchanan / Foster,Reform Party,county,Hardin,32
President,Harris / Trowe,Socialist Workers,county,Hardin,1
President,Phillips / Frazier,Constitution,county,Hardin,4
President,McReynolds / Hollis,Socialist Party USA,county,Hardin,0
President,Hagelin / Goldhaber,Nominated by Petition,county,Hardin,12
President,Scattering,,county,Hardin,6
President,Totals,,county,Hardin,8435
President,Gore / Lieberman,Democratic,county,Harrison,2551
President,Bush / Cheney,Republican,county,Harrison,3802
President,Browne / Olivier,Libertarian Party of Iowa,county,Harrison,11
President,Nader / Laduke,Iowa Green Party,county,Harrison,126
President,Buchanan / Foster,Reform Party,county,Harrison,33
President,Harris / Trowe,Socialist Workers,county,Harrison,0
President,Phillips / Frazier,Constitution,county,Harrison,6
President,McReynolds / Hollis,Socialist Party USA,county,Harrison,1
President,Hagelin / Goldhaber,Nominated by Petition,county,Harrison,7
President,Scattering,,county,Harrison,6
President,Totals,,county,Harrison,6543
President,Gore / Lieberman,Democratic,county,Henry,3907
President,Bush / Cheney,Republican,county,Henry,4476
President,Browne / Olivier,Libertarian Party of Iowa,county,Henry,21
President,Nader / Laduke,Iowa Green Party,county,Henry,183
President,Buchanan / Foster,Reform Party,county,Henry,46
President,Harris / Trowe,Socialist Workers,county,Henry,1
President,Phillips / Frazier,Constitution,county,Henry,1
President,McReynolds / Hollis,Socialist Party USA,county,Henry,1
President,Hagelin / Goldhaber,Nominated by Petition,county,Henry,19
President,Scattering,,county,Henry,16
President,Totals,,county,Henry,8671
President,Gore / Lieberman,Democratic,county,Howard,2426
President,Bush / Cheney,Republican,county,Howard,1922
President,Browne / Olivier,Libertarian Party of Iowa,county,Howard,3
President,Nader / Laduke,Iowa Green Party,county,Howard,100
President,Buchanan / Foster,Reform Party,county,Howard,31
President,Harris / Trowe,Socialist Workers,county,Howard,0
President,Phillips / Frazier,Constitution,county,Howard,1
President,McReynolds / Hollis,Socialist Party USA,county,Howard,0
President,Hagelin / Goldhaber,Nominated by Petition,county,Howard,3
President,Scattering,,county,Howard,5
President,Totals,,county,Howard,4491
President,Gore / Lieberman,Democratic,county,Humboldt,1949
President,Bush / Cheney,Republican,county,Humboldt,2846
President,Browne / Olivier,Libertarian Party of Iowa,county,Humboldt,13
President,Nader / Laduke,Iowa Green Party,county,Humboldt,100
President,Buchanan / Foster,Reform Party,county,Humboldt,23
President,Harris / Trowe,Socialist Workers,county,Humboldt,0
President,Phillips / Frazier,Constitution,county,Humboldt,0
President,McReynolds / Hollis,Socialist Party USA,county,Humboldt,0
President,Hagelin / Goldhaber,Nominated by Petition,county,Humboldt,3
President,Scattering,,county,Humboldt,6
President,Totals,,county,Humboldt,4940
President,Gore / Lieberman,Democratic,county,Ida,1411
President,Bush / Cheney,Republican,county,Ida,1968
President,Browne / Olivier,Libertarian Party of Iowa,county,Ida,16
President,Nader / Laduke,Iowa Green Party,county,Ida,58
President,Buchanan / Foster,Reform Party,county,Ida,36
President,Harris / Trowe,Socialist Workers,county,Ida,1
President,Phillips / Frazier,Constitution,county,Ida,0
President,McReynolds / Hollis,Socialist Party USA,county,Ida,0
President,Hagelin / Goldhaber,Nominated by Petition,county,Ida,1
President,Scattering,,county,Ida,0
President,Totals,,county,Ida,3491
President,Gore / Lieberman,Democratic,county,Iowa,3230
President,Bush / Cheney,Republican,county,Iowa,3894
President,Browne / Olivier,Libertarian Party of Iowa,county,Iowa,17
President,Nader / Laduke,Iowa Green Party,county,Iowa,188
President,Buchanan / Foster,Reform Party,county,Iowa,58
President,Harris / Trowe,Socialist Workers,county,Iowa,1
President,Phillips / Frazier,Constitution,county,Iowa,6
President,McReynolds / Hollis,Socialist Party USA,county,Iowa,1
President,Hagelin / Goldhaber,Nominated by Petition,county,Iowa,13
President,Scattering,,county,Iowa,5
President,Totals,,county,Iowa,7413
President,Gore / Lieberman,Democratic,county,Jackson,4945
President,Bush / Cheney,Republican,county,Jackson,3769
President,Browne / Olivier,Libertarian Party of Iowa,county,Jackson,15
President,Nader / Laduke,Iowa Green Party,county,Jackson,227
President,Buchanan / Foster,Reform Party,county,Jackson,51
President,Harris / Trowe,Socialist Workers,county,Jackson,1
President,Phillips / Frazier,Constitution,county,Jackson,4
President,McReynolds / Hollis,Socialist Party USA,county,Jackson,0
President,Hagelin / Goldhaber,Nominated by Petition,county,Jackson,6
President,Scattering,,county,Jackson,14
President,Totals,,county,Jackson,9032
President,Gore / Lieberman,Democratic,county,Jasper,8699
President,Bush / Cheney,Republican,county,Jasper,8729
President,Browne / Olivier,Libertarian Party of Iowa,county,Jasper,40
President,Nader / Laduke,Iowa Green Party,county,Jasper,267
President,Buchanan / Foster,Reform Party,county,Jasper,71
President,Harris / Trowe,Socialist Workers,county,Jasper,1
President,Phillips / Frazier,Constitution,county,Jasper,7
President,McReynolds / Hollis,Socialist Party USA,county,Jasper,1
President,Hagelin / Goldhaber,Nominated by Petition,county,Jasper,14
President,Scattering,,county,Jasper,6
President,Totals,,county,Jasper,17835
President,Gore / Lieberman,Democratic,county,Jefferson,2863
President,Bush / Cheney,Republican,county,Jefferson,3248
President,Browne / Olivier,Libertarian Party of Iowa,county,Jefferson,57
President,Nader / Laduke,Iowa Green Party,county,Jefferson,206
President,Buchanan / Foster,Reform Party,county,Jefferson,45
President,Harris / Trowe,Socialist Workers,county,Jefferson,1
President,Phillips / Frazier,Constitution,county,Jefferson,5
President,McReynolds / Hollis,Socialist Party USA,county,Jefferson,0
President,Hagelin / Goldhaber,Nominated by Petition,county,Jefferson,1109
President,Scattering,,county,Jefferson,14
President,Totals,,county,Jefferson,7548
President,Gore / Lieberman,Democratic,county,Johnson,31174
President,Bush / Cheney,Republican,county,Johnson,17899
President,Browne / Olivier,Libertarian Party of Iowa,county,Johnson,205
President,Nader / Laduke,Iowa Green Party,county,Johnson,3248
President,Buchanan / Foster,Reform Party,county,Johnson,103
President,Harris / Trowe,Socialist Workers,county,Johnson,5
President,Phillips / Frazier,Constitution,county,Johnson,14
President,McReynolds / Hollis,Socialist Party USA,county,Johnson,10
President,Hagelin / Goldhaber,Nominated by Petition,county,Johnson,50
President,Scattering,,county,Johnson,61
President,Totals,,county,Johnson,52769
President,Gore / Lieberman,Democratic,county,Jones,4690
President,Bush / Cheney,Republican,county,Jones,4201
President,Browne / Olivier,Libertarian Party of Iowa,county,Jones,10
President,Nader / Laduke,Iowa Green Party,county,Jones,195
President,Buchanan / Foster,Reform Party,county,Jones,28
President,Harris / Trowe,Socialist Workers,county,Jones,0
President,Phillips / Frazier,Constitution,county,Jones,3
President,McReynolds / Hollis,Socialist Party USA,county,Jones,0
President,Hagelin / Goldhaber,Nominated by Petition,county,Jones,8
President,Scattering,,county,Jones,8
President,Totals,,county,Jones,9143
President,Gore / Lieberman,Democratic,county,Keokuk,2181
President,Bush / Cheney,Republican,county,Keokuk,2571
President,Browne / Olivier,Libertarian Party of Iowa,county,Keokuk,58
President,Nader / Laduke,Iowa Green Party,county,Keokuk,99
President,Buchanan / Foster,Reform Party,county,Keokuk,24
President,Harris / Trowe,Socialist Workers,county,Keokuk,4
President,Phillips / Frazier,Constitution,county,Keokuk,1
President,McReynolds / Hollis,Socialist Party USA,county,Keokuk,3
President,Hagelin / Goldhaber,Nominated by Petition,county,Keokuk,4
President,Scattering,,county,Keokuk,2
President,Totals,,county,Keokuk,4947
President,Gore / Lieberman,Democratic,county,Kossuth,3960
President,Bush / Cheney,Republican,county,Kossuth,4612
President,Browne / Olivier,Libertarian Party of Iowa,county,Kossuth,23
President,Nader / Laduke,Iowa Green Party,county,Kossuth,206
President,Buchanan / Foster,Reform Party,county,Kossuth,42
President,Harris / Trowe,Socialist Workers,county,Kossuth,2
President,Phillips / Frazier,Constitution,county,Kossuth,1
President,McReynolds / Hollis,Socialist Party USA,county,Kossuth,0
President,Hagelin / Goldhaber,Nominated by Petition,county,Kossuth,16
President,Scattering,,county,Kossuth,16
President,Totals,,county,Kossuth,8878
President,Gore / Lieberman,Democratic,county,Lee,9632
President,Bush / Cheney,Republican,county,Lee,6339
President,Browne / Olivier,Libertarian Party of Iowa,county,Lee,149
President,Nader / Laduke,Iowa Green Party,county,Lee,325
President,Buchanan / Foster,Reform Party,county,Lee,81
President,Harris / Trowe,Socialist Workers,county,Lee,2
President,Phillips / Frazier,Constitution,county,Lee,3
President,McReynolds / Hollis,Socialist Party USA,county,Lee,5
President,Hagelin / Goldhaber,Nominated by Petition,county,Lee,19
President,Scattering,,county,Lee,17
President,Totals,,county,Lee,16572
President,Gore / Lieberman,Democratic,county,Linn,48897
President,Bush / Cheney,Republican,county,Linn,40417
President,Browne / Olivier,Libertarian Party of Iowa,county,Linn,179
President,Nader / Laduke,Iowa Green Party,county,Linn,2106
President,Buchanan / Foster,Reform Party,county,Linn,254
President,Harris / Trowe,Socialist Workers,county,Linn,13
President,Phillips / Frazier,Constitution,county,Linn,18
President,McReynolds / Hollis,Socialist Party USA,county,Linn,10
President,Hagelin / Goldhaber,Nominated by Petition,county,Linn,69
President,Scattering,,county,Linn,101
President,Totals,,county,Linn,92064
President,Gore / Lieberman,Democratic,county,Louisa,2294
President,Bush / Cheney,Republican,county,Louisa,2207
President,Browne / Olivier,Libertarian Party of Iowa,county,Louisa,5
President,Nader / Laduke,Iowa Green Party,county,Louisa,85
President,Buchanan / Foster,Reform Party,county,Louisa,32
President,Harris / Trowe,Socialist Workers,county,Louisa,1
President,Phillips / Frazier,Constitution,county,Louisa,2
President,McReynolds / Hollis,Socialist Party USA,county,Louisa,0
President,Hagelin / Goldhaber,Nominated by Petition,county,Louisa,7
President,Scattering,,county,Louisa,4
President,Totals,,county,Louisa,4637
President,Gore / Lieberman,Democratic,county,Lucas,1934
President,Bush / Cheney,Republican,county,Lucas,2262
President,Browne / Olivier,Libertarian Party of Iowa,county,Lucas,8
President,Nader / Laduke,Iowa Green Party,county,Lucas,65
President,Buchanan / Foster,Reform Party,county,Lucas,19
President,Harris / Trowe,Socialist Workers,county,Lucas,1
President,Phillips / Frazier,Constitution,county,Lucas,4
President,McReynolds / Hollis,Socialist Party USA,county,Lucas,1
President,Hagelin / Goldhaber,Nominated by Petition,county,Lucas,6
President,Scattering,,county,Lucas,3
President,Totals,,county,Lucas,4303
President,Gore / Lieberman,Democratic,county,Lyon,1313
President,Bush / Cheney,Republican,county,Lyon,3918
President,Browne / Olivier,Libertarian Party of Iowa,county,Lyon,7
President,Nader / Laduke,Iowa Green Party,county,Lyon,68
President,Buchanan / Foster,Reform Party,county,Lyon,26
President,Harris / Trowe,Socialist Workers,county,Lyon,0
President,Phillips / Frazier,Constitution,county,Lyon,7
President,McReynolds / Hollis,Socialist Party USA,county,Lyon,1
President,Hagelin / Goldhaber,Nominated by Petition,county,Lyon,2
President,Scattering,,county,Lyon,0
President,Totals,,county,Lyon,5342
President,Gore / Lieberman,Democratic,county,Madison,3093
President,Bush / Cheney,Republican,county,Madison,3662
President,Browne / Olivier,Libertarian Party of Iowa,county,Madison,12
President,Nader / Laduke,Iowa Green Party,county,Madison,128
President,Buchanan / Foster,Reform Party,county,Madison,40
President,Harris / Trowe,Socialist Workers,county,Madison,0
President,Phillips / Frazier,Constitution,county,Madison,7
President,McReynolds / Hollis,Socialist Party USA,county,Madison,1
President,Hagelin / Goldhaber,Nominated by Petition,county,Madison,13
President,Scattering,,county,Madison,13
President,Totals,,county,Madison,6969
President,Gore / Lieberman,Democratic,county,Mahaska,3370
President,Bush / Cheney,Republican,county,Mahaska,5971
President,Browne / Olivier,Libertarian Party of Iowa,county,Mahaska,20
President,Nader / Laduke,Iowa Green Party,county,Mahaska,143
President,Buchanan / Foster,Reform Party,county,Mahaska,24
President,Harris / Trowe,Socialist Workers,county,Mahaska,2
President,Phillips / Frazier,Constitution,county,Mahaska,5
President,McReynolds / Hollis,Socialist Party USA,county,Mahaska,1
President,Hagelin / Goldhaber,Nominated by Petition,county,Mahaska,4
President,Scattering,,county,Mahaska,3
President,Totals,,county,Mahaska,9543
President,Gore / Lieberman,Democratic,county,Marion,5741
President,Bush / Cheney,Republican,county,Marion,8358
President,Browne / Olivier,Libertarian Party of Iowa,county,Marion,13
President,Nader / Laduke,Iowa Green Party,county,Marion,208
President,Buchanan / Foster,Reform Party,county,Marion,41
President,Harris / Trowe,Socialist Workers,county,Marion,4
President,Phillips / Frazier,Constitution,county,Marion,3
President,McReynolds / Hollis,Socialist Party USA,county,Marion,1
President,Hagelin / Goldhaber,Nominated by Petition,county,Marion,31
President,Scattering,,county,Marion,8
President,Totals,,county,Marion,14408
President,Gore / Lieberman,Democratic,county,Marshall,8322
President,Bush / Cheney,Republican,county,Marshall,8785
President,Browne / Olivier,Libertarian Party of Iowa,county,Marshall,33
President,Nader / Laduke,Iowa Green Party,county,Marshall,340
President,Buchanan / Foster,Reform Party,county,Marshall,75
President,Harris / Trowe,Socialist Workers,county,Marshall,3
President,Phillips / Frazier,Constitution,county,Marshall,7
President,McReynolds / Hollis,Socialist Party USA,county,Marshall,2
President,Hagelin / Goldhaber,Nominated by Petition,county,Marshall,30
President,Scattering,,county,Marshall,27
President,Totals,,county,Marshall,17624
President,Gore / Lieberman,Democratic,county,Mills,2039
President,Bush / Cheney,Republican,county,Mills,3684
President,Browne / Olivier,Libertarian Party of Iowa,county,Mills,19
President,Nader / Laduke,Iowa Green Party,county,Mills,126
President,Buchanan / Foster,Reform Party,county,Mills,25
President,Harris / Trowe,Socialist Workers,county,Mills,0
President,Phillips / Frazier,Constitution,county,Mills,4
President,McReynolds / Hollis,Socialist Party USA,county,Mills,1
President,Hagelin / Goldhaber,Nominated by Petition,county,Mills,9
President,Scattering,,county,Mills,8
President,Totals,,county,Mills,5915
President,Gore / Lieberman,Democratic,county,Mitchell,2650
President,Bush / Cheney,Republican,county,Mitchell,2388
President,Browne / Olivier,Libertarian Party of Iowa,county,Mitchell,3
President,Nader / Laduke,Iowa Green Party,county,Mitchell,87
President,Buchanan / Foster,Reform Party,county,Mitchell,25
President,Harris / Trowe,Socialist Workers,county,Mitchell,0
President,Phillips / Frazier,Constitution,county,Mitchell,2
President,McReynolds / Hollis,Socialist Party USA,county,Mitchell,0
President,Hagelin / Goldhaber,Nominated by Petition,county,Mitchell,5
President,Scattering,,county,Mitchell,2
President,Totals,,county,Mitchell,5162
President,Gore / Lieberman,Democratic,county,Monona,2086
President,Bush / Cheney,Republican,county,Monona,2304
President,Browne / Olivier,Libertarian Party of Iowa,county,Monona,10
President,Nader / Laduke,Iowa Green Party,county,Monona,93
President,Buchanan / Foster,Reform Party,county,Monona,52
President,Harris / Trowe,Socialist Workers,county,Monona,0
President,Phillips / Frazier,Constitution,county,Monona,4
President,McReynolds / Hollis,Socialist Party USA,county,Monona,0
President,Hagelin / Goldhaber,Nominated by Petition,county,Monona,6
President,Scattering,,county,Monona,5
President,Totals,,county,Monona,4560
President,Gore / Lieberman,Democratic,county,Monroe,1699
President,Bush / Cheney,Republican,county,Monroe,1858
President,Browne / Olivier,Libertarian Party of Iowa,county,Monroe,6
President,Nader / Laduke,Iowa Green Party,county,Monroe,54
President,Buchanan / Foster,Reform Party,county,Monroe,22
President,Harris / Trowe,Socialist Workers,county,Monroe,0
President,Phillips / Frazier,Constitution,county,Monroe,2
President,McReynolds / Hollis,Socialist Party USA,county,Monroe,0
President,Hagelin / Goldhaber,Nominated by Petition,county,Monroe,3
President,Scattering,,county,Monroe,3
President,Totals,,county,Monroe,3647
President,Gore / Lieberman,Democratic,county,Montgomery,1838
President,Bush / Cheney,Republican,county,Montgomery,3417
President,Browne / Olivier,Libertarian Party of Iowa,county,Montgomery,15
President,Nader / Laduke,Iowa Green Party,county,Montgomery,85
President,Buchanan / Foster,Reform Party,county,Montgomery,20
President,Harris / Trowe,Socialist Workers,county,Montgomery,0
President,Phillips / Frazier,Constitution,county,Montgomery,0
President,McReynolds / Hollis,Socialist Party USA,county,Montgomery,0
President,Hagelin / Goldhaber,Nominated by Petition,county,Montgomery,11
President,Scattering,,county,Montgomery,8
President,Totals,,county,Montgomery,5394
President,Gore / Lieberman,Democratic,county,Muscatine,8058
President,Bush / Cheney,Republican,county,Muscatine,7483
President,Browne / Olivier,Libertarian Party of Iowa,county,Muscatine,40
President,Nader / Laduke,Iowa Green Party,county,Muscatine,371
President,Buchanan / Foster,Reform Party,county,Muscatine,82
President,Harris / Trowe,Socialist Workers,county,Muscatine,5
President,Phillips / Frazier,Constitution,county,Muscatine,7
President,McReynolds / Hollis,Socialist Party USA,county,Muscatine,1
President,Hagelin / Goldhaber,Nominated by Petition,county,Muscatine,10
President,Scattering,,county,Muscatine,19
President,Totals,,county,Muscatine,16076
President,Gore / Lieberman,Democratic,county,O'Brien,2170
President,Bush / Cheney,Republican,county,O'Brien,4674
President,Browne / Olivier,Libertarian Party of Iowa,county,O'Brien,14
President,Nader / Laduke,Iowa Green Party,county,O'Brien,108
President,Buchanan / Foster,Reform Party,county,O'Brien,53
President,Harris / Trowe,Socialist Workers,county,O'Brien,5
President,Phillips / Frazier,Constitution,county,O'Brien,2
President,McReynolds / Hollis,Socialist Party USA,county,O'Brien,2
President,Hagelin / Goldhaber,Nominated by Petition,county,O'Brien,7
President,Scattering,,county,O'Brien,9
President,Totals,,county,O'Brien,7044
President,Gore / Lieberman,Democratic,county,Osceola,913
President,Bush / Cheney,Republican,county,Osceola,2064
President,Browne / Olivier,Libertarian Party of Iowa,county,Osceola,5
President,Nader / Laduke,Iowa Green Party,county,Osceola,56
President,Buchanan / Foster,Reform Party,county,Osceola,14
President,Harris / Trowe,Socialist Workers,county,Osceola,0
President,Phillips / Frazier,Constitution,county,Osceola,10
President,McReynolds / Hollis,Socialist Party USA,county,Osceola,0
President,Hagelin / Goldhaber,Nominated by Petition,county,Osceola,1
President,Scattering,,county,Osceola,0
President,Totals,,county,Osceola,3063
President,Gore / Lieberman,Democratic,county,Page,2293
President,Bush / Cheney,Republican,county,Page,4588
President,Browne / Olivier,Libertarian Party of Iowa,county,Page,11
President,Nader / Laduke,Iowa Green Party,county,Page,125
President,Buchanan / Foster,Reform Party,county,Page,21
President,Harris / Trowe,Socialist Workers,county,Page,0
President,Phillips / Frazier,Constitution,county,Page,1
President,McReynolds / Hollis,Socialist Party USA,county,Page,1
President,Hagelin / Goldhaber,Nominated by Petition,county,Page,11
President,Scattering,,county,Page,8
President,Totals,,county,Page,7059
President,Gore / Lieberman,Democratic,county,Palo Alto,2326
President,Bush / Cheney,Republican,county,Palo Alto,2341
President,Browne / Olivier,Libertarian Party of Iowa,county,Palo Alto,29
President,Nader / Laduke,Iowa Green Party,county,Palo Alto,81
President,Buchanan / Foster,Reform Party,county,Palo Alto,36
President,Harris / Trowe,Socialist Workers,county,Palo Alto,3
President,Phillips / Frazier,Constitution,county,Palo Alto,1
President,McReynolds / Hollis,Socialist Party USA,county,Palo Alto,0
President,Hagelin / Goldhaber,Nominated by Petition,county,Palo Alto,6
President,Scattering,,county,Palo Alto,0
President,Totals,,county,Palo Alto,4823
President,Gore / Lieberman,Democratic,county,Plymouth,3499
President,Bush / Cheney,Republican,county,Plymouth,6189
President,Browne / Olivier,Libertarian Party of Iowa,county,Plymouth,29
President,Nader / Laduke,Iowa Green Party,county,Plymouth,198
President,Buchanan / Foster,Reform Party,county,Plymouth,145
President,Harris / Trowe,Socialist Workers,county,Plymouth,7
President,Phillips / Frazier,Constitution,county,Plymouth,6
President,McReynolds / Hollis,Socialist Party USA,county,Plymouth,9
President,Hagelin / Goldhaber,Nominated by Petition,county,Plymouth,31
President,Scattering,,county,Plymouth,5
President,Totals,,county,Plymouth,10118
President,Gore / Lieberman,Democratic,county,Pocahontas,1736
President,Bush / Cheney,Republican,county,Pocahontas,2242
President,Browne / Olivier,Libertarian Party of Iowa,county,Pocahontas,23
President,Nader / Laduke,Iowa Green Party,county,Pocahontas,78
President,Buchanan / Foster,Reform Party,county,Pocahontas,48
President,Harris / Trowe,Socialist Workers,county,Pocahontas,0
President,Phillips / Frazier,Constitution,county,Pocahontas,2
President,McReynolds / Hollis,Socialist Party USA,county,Pocahontas,0
President,Hagelin / Goldhaber,Nominated by Petition,county,Pocahontas,5
President,Scattering,,county,Pocahontas,7
President,Totals,,county,Pocahontas,4141
President,Gore / Lieberman,Democratic,county,Polk,89715
President,Bush / Cheney,Republican,county,Polk,79927
President,Browne / Olivier,Libertarian Party of Iowa,county,Polk,403
President,Nader / Laduke,Iowa Green Party,county,Polk,3366
President,Buchanan / Foster,Reform Party,county,Polk,416
President,Harris / Trowe,Socialist Workers,county,Polk,22
President,Phillips / Frazier,Constitution,county,Polk,94
President,McReynolds / Hollis,Socialist Party USA,county,Polk,5
President,Hagelin / Goldhaber,Nominated by Petition,county,Polk,65
President,Scattering,,county,Polk,154
President,Totals,,county,Polk,174167
President,Gore / Lieberman,Democratic,county,Pottawattamie,14726
President,Bush / Cheney,Republican,county,Pottawattamie,18783
President,Browne / Olivier,Libertarian Party of Iowa,county,Pottawattamie,70
President,Nader / Laduke,Iowa Green Party,county,Pottawattamie,690
President,Buchanan / Foster,Reform Party,county,Pottawattamie,122
President,Harris / Trowe,Socialist Workers,county,Pottawattamie,4
President,Phillips / Frazier,Constitution,county,Pottawattamie,17
President,McReynolds / Hollis,Socialist Party USA,county,Pottawattamie,1
President,Hagelin / Goldhaber,Nominated by Petition,county,Pottawattamie,22
President,Scattering,,county,Pottawattamie,32
President,Totals,,county,Pottawattamie,34467
President,Gore / Lieberman,Democratic,county,Poweshiek,4222
President,Bush / Cheney,Republican,county,Poweshiek,4396
President,Browne / Olivier,Libertarian Party of Iowa,county,Poweshiek,20
President,Nader / Laduke,Iowa Green Party,county,Poweshiek,287
President,Buchanan / Foster,Reform Party,county,Poweshiek,34
President,Harris / Trowe,Socialist Workers,county,Poweshiek,0
President,Phillips / Frazier,Constitution,county,Poweshiek,4
President,McReynolds / Hollis,Socialist Party USA,county,Poweshiek,4
President,Hagelin / Goldhaber,Nominated by Petition,county,Poweshiek,5
President,Scattering,,county,Poweshiek,8
President,Totals,,county,Poweshiek,8980
President,Gore / Lieberman,Democratic,county,Ringgold,1246
President,Bush / Cheney,Republican,county,Ringgold,1369
President,Browne / Olivier,Libertarian Party of Iowa,county,Ringgold,5
President,Nader / Laduke,Iowa Green Party,county,Ringgold,47
President,Buchanan / Foster,Reform Party,county,Ringgold,10
President,Harris / Trowe,Socialist Workers,county,Ringgold,0
President,Phillips / Frazier,Constitution,county,Ringgold,1
President,McReynolds / Hollis,Socialist Party USA,county,Ringgold,2
President,Hagelin / Goldhaber,Nominated by Petition,county,Ringgold,5
President,Scattering,,county,Ringgold,7
President,Totals,,county,Ringgold,2692
President,Gore / Lieberman,Democratic,county,Sac,2099
President,Bush / Cheney,Republican,county,Sac,2776
President,Browne / Olivier,Libertarian Party of Iowa,county,Sac,7
President,Nader / Laduke,Iowa Green Party,county,Sac,97
President,Buchanan / Foster,Reform Party,county,Sac,46
President,Harris / Trowe,Socialist Workers,county,Sac,2
President,Phillips / Frazier,Constitution,county,Sac,1
President,McReynolds / Hollis,Socialist Party USA,county,Sac,0
President,Hagelin / Goldhaber,Nominated by Petition,county,Sac,5
President,Scattering,,county,Sac,0
President,Totals,,county,Sac,5033
President,Gore / Lieberman,Democratic,county,Scott,35857
President,Bush / Cheney,Republican,county,Scott,32801
President,Browne / Olivier,Libertarian Party of Iowa,county,Scott,153
President,Nader / Laduke,Iowa Green Party,county,Scott,1386
President,Buchanan / Foster,Reform Party,county,Scott,247
President,Harris / Trowe,Socialist Workers,county,Scott,7
President,Phillips / Frazier,Constitution,county,Scott,26
President,McReynolds / Hollis,Socialist Party USA,county,Scott,1
President,Hagelin / Goldhaber,Nominated by Petition,county,Scott,50
President,Scattering,,county,Scott,40
President,Totals,,county,Scott,70568
President,Gore / Lieberman,Democratic,county,Shelby,2179
President,Bush / Cheney,Republican,county,Shelby,3655
President,Browne / Olivier,Libertarian Party of Iowa,county,Shelby,7
President,Nader / Laduke,Iowa Green Party,county,Shelby,113
President,Buchanan / Foster,Reform Party,county,Shelby,36
President,Harris / Trowe,Socialist Workers,county,Shelby,2
President,Phillips / Frazier,Constitution,county,Shelby,3
President,McReynolds / Hollis,Socialist Party USA,county,Shelby,1
President,Hagelin / Goldhaber,Nominated by Petition,county,Shelby,7
President,Scattering,,county,Shelby,6
President,Totals,,county,Shelby,6009
President,Gore / Lieberman,Democratic,county,Sioux,2148
President,Bush / Cheney,Republican,county,Sioux,12241
President,Browne / Olivier,Libertarian Party of Iowa,county,Sioux,35
President,Nader / Laduke,Iowa Green Party,county,Sioux,156
President,Buchanan / Foster,Reform Party,county,Sioux,83
President,Harris / Trowe,Socialist Workers,county,Sioux,1
President,Phillips / Frazier,Constitution,county,Sioux,21
President,McReynolds / Hollis,Socialist Party USA,county,Sioux,1
President,Hagelin / Goldhaber,Nominated by Petition,county,Sioux,4
President,Scattering,,county,Sioux,2
President,Totals,,county,Sioux,14692
President,Gore / Lieberman,Democratic,county,Story,17478
President,Bush / Cheney,Republican,county,Story,16228
President,Browne / Olivier,Libertarian Party of Iowa,county,Story,139
President,Nader / Laduke,Iowa Green Party,county,Story,1317
President,Buchanan / Foster,Reform Party,county,Story,91
President,Harris / Trowe,Socialist Workers,county,Story,5
President,Phillips / Frazier,Constitution,county,Story,14
President,McReynolds / Hollis,Socialist Party USA,county,Story,3
President,Hagelin / Goldhaber,Nominated by Petition,county,Story,37
President,Scattering,,county,Story,52
President,Totals,,county,Story,35364
President,Gore / Lieberman,Democratic,county,Tama,4045
President,Bush / Cheney,Republican,county,Tama,4034
President,Browne / Olivier,Libertarian Party of Iowa,county,Tama,23
President,Nader / Laduke,Iowa Green Party,county,Tama,160
President,Buchanan / Foster,Reform Party,county,Tama,32
President,Harris / Trowe,Socialist Workers,county,Tama,0
President,Phillips / Frazier,Constitution,county,Tama,1
President,McReynolds / Hollis,Socialist Party USA,county,Tama,0
President,Hagelin / Goldhaber,Nominated by Petition,county,Tama,8
President,Scattering,,county,Tama,12
President,Totals,,county,Tama,8315
President,Gore / Lieberman,Democratic,county,Taylor,1247
President,Bush / Cheney,Republican,county,Taylor,1770
President,Browne / Olivier,Libertarian Party of Iowa,county,Taylor,5
President,Nader / Laduke,Iowa Green Party,county,Taylor,46
President,Buchanan / Foster,Reform Party,county,Taylor,13
President,Harris / Trowe,Socialist Workers,county,Taylor,0
President,Phillips / Frazier,Constitution,county,Taylor,2
President,McReynolds / Hollis,Socialist Party USA,county,Taylor,1
President,Hagelin / Goldhaber,Nominated by Petition,county,Taylor,10
President,Scattering,,county,Taylor,2
President,Totals,,county,Taylor,3096
President,Gore / Lieberman,Democratic,county,Union,2540
President,Bush / Cheney,Republican,county,Union,3003
President,Browne / Olivier,Libertarian Party of Iowa,county,Union,8
President,Nader / Laduke,Iowa Green Party,county,Union,108
President,Buchanan / Foster,Reform Party,county,Union,45
President,Harris / Trowe,Socialist Workers,county,Union,5
President,Phillips / Frazier,Constitution,county,Union,8
President,McReynolds / Hollis,Socialist Party USA,county,Union,2
President,Hagelin / Goldhaber,Nominated by Petition,county,Union,17
President,Scattering,,county,Union,4
President,Totals,,county,Union,5740
President,Gore / Lieberman,Democratic,county,Van Buren,1440
President,Bush / Cheney,Republican,county,Van Buren,2016
President,Browne / Olivier,Libertarian Party of Iowa,county,Van Buren,5
President,Nader / Laduke,Iowa Green Party,county,Van Buren,51
President,Buchanan / Foster,Reform Party,county,Van Buren,35
President,Harris / Trowe,Socialist Workers,county,Van Buren,1
President,Phillips / Frazier,Constitution,county,Van Buren,4
President,McReynolds / Hollis,Socialist Party USA,county,Van Buren,0
President,Hagelin / Goldhaber,Nominated by Petition,county,Van Buren,6
President,Scattering,,county,Van Buren,3
President,Totals,,county,Van Buren,3561
President,Gore / Lieberman,Democratic,county,Wapello,8355
President,Bush / Cheney,Republican,county,Wapello,6313
President,Browne / Olivier,Libertarian Party of Iowa,county,Wapello,47
President,Nader / Laduke,Iowa Green Party,county,Wapello,317
President,Buchanan / Foster,Reform Party,county,Wapello,62
President,Harris / Trowe,Socialist Workers,county,Wapello,1
President,Phillips / Frazier,Constitution,county,Wapello,9
President,McReynolds / Hollis,Socialist Party USA,county,Wapello,2
President,Hagelin / Goldhaber,Nominated by Petition,county,Wapello,20
President,Scattering,,county,Wapello,13
President,Totals,,county,Wapello,15139
President,Gore / Lieberman,Democratic,county,Warren,9521
President,Bush / Cheney,Republican,county,Warren,9621
President,Browne / Olivier,Libertarian Party of Iowa,county,Warren,38
President,Nader / Laduke,Iowa Green Party,county,Warren,371
President,Buchanan / Foster,Reform Party,county,Warren,54
President,Harris / Trowe,Socialist Workers,county,Warren,3
President,Phillips / Frazier,Constitution,county,Warren,22
President,McReynolds / Hollis,Socialist Party USA,county,Warren,0
President,Hagelin / Goldhaber,Nominated by Petition,county,Warren,10
President,Scattering,,county,Warren,13
President,Totals,,county,Warren,19653
President,Gore / Lieberman,Democratic,county,Washington,3932
President,Bush / Cheney,Republican,county,Washington,4827
President,Browne / Olivier,Libertarian Party of Iowa,county,Washington,26
President,Nader / Laduke,Iowa Green Party,county,Washington,245
President,Buchanan / Foster,Reform Party,county,Washington,41
President,Harris / Trowe,Socialist Workers,county,Washington,1
President,Phillips / Frazier,Constitution,county,Washington,7
President,McReynolds / Hollis,Socialist Party USA,county,Washington,0
President,Hagelin / Goldhaber,Nominated by Petition,county,Washington,11
President,Scattering,,county,Washington,4
President,Totals,,county,Washington,9094
President,Gore / Lieberman,Democratic,county,Wayne,1300
President,Bush / Cheney,Republican,county,Wayne,1666
President,Browne / Olivier,Libertarian Party of Iowa,county,Wayne,5
President,Nader / Laduke,Iowa Green Party,county,Wayne,31
President,Buchanan / Foster,Reform Party,county,Wayne,13
President,Harris / Trowe,Socialist Workers,county,Wayne,1
President,Phillips / Frazier,Constitution,county,Wayne,3
President,McReynolds / Hollis,Socialist Party USA,county,Wayne,0
President,Hagelin / Goldhaber,Nominated by Petition,county,Wayne,1
President,Scattering,,county,Wayne,1
President,Totals,,county,Wayne,3021
President,Gore / Lieberman,Democratic,county,Webster,8479
President,Bush / Cheney,Republican,county,Webster,8172
President,Browne / Olivier,Libertarian Party of Iowa,county,Webster,18
President,Nader / Laduke,Iowa Green Party,county,Webster,282
President,Buchanan / Foster,Reform Party,county,Webster,68
President,Harris / Trowe,Socialist Workers,county,Webster,2
President,Phillips / Frazier,Constitution,county,Webster,8
President,McReynolds / Hollis,Socialist Party USA,county,Webster,0
President,Hagelin / Goldhaber,Nominated by Petition,county,Webster,10
President,Scattering,,county,Webster,9
President,Totals,,county,Webster,17048
President,Gore / Lieberman,Democratic,county,Winnebago,2691
President,Bush / Cheney,Republican,county,Winnebago,2662
President,Browne / Olivier,Libertarian Party of Iowa,county,Winnebago,17
President,Nader / Laduke,Iowa Green Party,county,Winnebago,115
President,Buchanan / Foster,Reform Party,county,Winnebago,27
President,Harris / Trowe,Socialist Workers,county,Winnebago,2
President,Phillips / Frazier,Constitution,county,Winnebago,1
President,McReynolds / Hollis,Socialist Party USA,county,Winnebago,1
President,Hagelin / Goldhaber,Nominated by Petition,county,Winnebago,5
President,Scattering,,county,Winnebago,6
President,Totals,,county,Winnebago,5527
President,Gore / Lieberman,Democratic,county,Winneshiek,4339
President,Bush / Cheney,Republican,county,Winneshiek,4647
President,Browne / Olivier,Libertarian Party of Iowa,county,Winneshiek,12
President,Nader / Laduke,Iowa Green Party,county,Winneshiek,343
President,Buchanan / Foster,Reform Party,county,Winneshiek,42
President,Harris / Trowe,Socialist Workers,county,Winneshiek,1
President,Phillips / Frazier,Constitution,county,Winneshiek,3
President,McReynolds / Hollis,Socialist Party USA,county,Winneshiek,1
President,Hagelin / Goldhaber,Nominated by Petition,county,Winneshiek,18
President,Scattering,,county,Winneshiek,11
President,Totals,,county,Winneshiek,9417
President,Gore / Lieberman,Democratic,county,Woodbury,17691
President,Bush / Cheney,Republican,county,Woodbury,18864
President,Browne / Olivier,Libertarian Party of Iowa,county,Woodbury,76
President,Nader / Laduke,Iowa Green Party,county,Woodbury,804
President,Buchanan / Foster,Reform Party,county,Woodbury,406
President,Harris / Trowe,Socialist Workers,county,Woodbury,4
President,Phillips / Frazier,Constitution,county,Woodbury,19
President,McReynolds / Hollis,Socialist Party USA,county,Woodbury,2
President,Hagelin / Goldhaber,Nominated by Petition,county,Woodbury,7
President,Scattering,,county,Woodbury,23
President,Totals,,county,Woodbury,37896
President,Gore / Lieberman,Democratic,county,Worth,2208
President,Bush / Cheney,Republican,county,Worth,1659
President,Browne / Olivier,Libertarian Party of Iowa,county,Worth,9
President,Nader / Laduke,Iowa Green Party,county,Worth,91
President,Buchanan / Foster,Reform Party,county,Worth,18
President,Harris / Trowe,Socialist Workers,county,Worth,0
President,Phillips / Frazier,Constitution,county,Worth,0
President,McReynolds / Hollis,Socialist Party USA,county,Worth,0
President,Hagelin / Goldhaber,Nominated by Petition,county,Worth,10
President,Scattering,,county,Worth,9
President,Totals,,county,Worth,4004
President,Gore / Lieberman,Democratic,county,Wright,2796
President,Bush / Cheney,Republican,county,Wright,3384
President,Browne / Olivier,Libertarian Party of Iowa,county,Wright,9
President,Nader / Laduke,Iowa Green Party,county,Wright,107
President,Buchanan / Foster,Reform Party,county,Wright,21
President,Harris / Trowe,Socialist Workers,county,Wright,3
President,Phillips / Frazier,Constitution,county,Wright,3
President,McReynolds / Hollis,Socialist Party USA,county,Wright,1
President,Hagelin / Goldhaber,Nominated by Petition,county,Wright,9
President,Scattering,,county,Wright,3
President,Totals,,county,Wright,6336
President,Gore / Lieberman,Democratic,county,Totals,638517
President,Bush / Cheney,Republican,county,Totals,634373
President,Browne / Olivier,Libertarian Party of Iowa,county,Totals,3209
President,Nader / Laduke,Iowa Green Party,county,Totals,29374
President,Buchanan / Foster,Reform Party,county,Totals,5731
President,Harris / Trowe,Socialist Workers,county,Totals,190
President,Phillips / Frazier,Constitution,county,Totals,613
President,McReynolds / Hollis,Socialist Party USA,county,Totals,107
President,Hagelin / Goldhaber,Nominated by Petition,county,Totals,2281
President,Scattering,,county,Totals,1168
President,Totals,,county,Totals,1315563
