county,precinct,office,district,party,candidate,votes,election_day_total_votes
Dickinson,Precinct No. 1,U.S. House,4,REP,Cyndi Hanson,39,39
Dickinson,Precinct No. 2,U.S. House,4,REP,Cyndi Hanson,50,50
Dickinson,Precinct No. 3,U.S. House,4,REP,Cyndi Hanson,46,46
Dickinson,Precinct No. 4,U.S. House,4,REP,Cyndi Hanson,11,11
Dickinson,Precinct No. 5,U.S. House,4,REP,Cyndi Hanson,56,56
Dickinson,Precinct No. 6-Precinct No. 7,U.S. House,4,REP,Cyndi Hanson,37,37
Dickinson,Precinct No. 8,U.S. House,4,REP,Cyndi Hanson,75,75
Dickinson,Precinct No. 9,U.S. House,4,REP,Cyndi Hanson,8,8
Dickinson,Precinct No. 10,U.S. House,4,REP,Cyndi Hanson,28,28
Dickinson,Precinct No. 11,U.S. House,4,REP,Cyndi Hanson,80,80
Dickinson,Precinct No. 12,U.S. House,4,REP,Cyndi Hanson,32,32
Dickinson,Precinct No. 13,U.S. House,4,REP,Cyndi Hanson,42,42
Dickinson,Precinct No. 14,U.S. House,4,REP,Cyndi Hanson,19,19
Dickinson,Precinct No. 15,U.S. House,4,REP,Cyndi Hanson,97,97
Dickinson,Precinct No. 1,U.S. House,4,REP,Steve King,111,111
Dickinson,Precinct No. 2,U.S. House,4,REP,Steve King,103,103
Dickinson,Precinct No. 3,U.S. House,4,REP,Steve King,107,107
Dickinson,Precinct No. 4,U.S. House,4,REP,Steve King,35,35
Dickinson,Precinct No. 5,U.S. House,4,REP,Steve King,122,122
Dickinson,Precinct No. 6-Precinct No. 7,U.S. House,4,REP,Steve King,66,66
Dickinson,Precinct No. 8,U.S. House,4,REP,Steve King,146,146
Dickinson,Precinct No. 9,U.S. House,4,REP,Steve King,10,10
Dickinson,Precinct No. 10,U.S. House,4,REP,Steve King,61,61
Dickinson,Precinct No. 11,U.S. House,4,REP,Steve King,108,108
Dickinson,Precinct No. 12,U.S. House,4,REP,Steve King,70,70
Dickinson,Precinct No. 13,U.S. House,4,REP,Steve King,111,111
Dickinson,Precinct No. 14,U.S. House,4,REP,Steve King,56,56
Dickinson,Precinct No. 15,U.S. House,4,REP,Steve King,166,166
Dickinson,Precinct No. 1,U.S. House,4,,Write-in,0,0
Dickinson,Precinct No. 2,U.S. House,4,,Write-in,0,0
Dickinson,Precinct No. 3,U.S. House,4,,Write-in,0,0
Dickinson,Precinct No. 4,U.S. House,4,,Write-in,0,0
Dickinson,Precinct No. 5,U.S. House,4,,Write-in,0,0
Dickinson,Precinct No. 6-Precinct No. 7,U.S. House,4,,Write-in,0,0
Dickinson,Precinct No. 8,U.S. House,4,,Write-in,0,0
Dickinson,Precinct No. 9,U.S. House,4,,Write-in,0,0
Dickinson,Precinct No. 10,U.S. House,4,,Write-in,0,0
Dickinson,Precinct No. 11,U.S. House,4,,Write-in,0,0
Dickinson,Precinct No. 12,U.S. House,4,,Write-in,0,0
Dickinson,Precinct No. 13,U.S. House,4,,Write-in,0,0
Dickinson,Precinct No. 14,U.S. House,4,,Write-in,0,0
Dickinson,Precinct No. 15,U.S. House,4,,Write-in,0,0
Dickinson,Precinct No. 1,U.S. House,4,DEM,Leann Jacobsen,5,5
Dickinson,Precinct No. 2,U.S. House,4,DEM,Leann Jacobsen,14,14
Dickinson,Precinct No. 3,U.S. House,4,DEM,Leann Jacobsen,21,21
Dickinson,Precinct No. 4,U.S. House,4,DEM,Leann Jacobsen,11,11
Dickinson,Precinct No. 5,U.S. House,4,DEM,Leann Jacobsen,32,32
Dickinson,Precinct No. 6-Precinct No. 7,U.S. House,4,DEM,Leann Jacobsen,11,11
Dickinson,Precinct No. 8,U.S. House,4,DEM,Leann Jacobsen,41,41
Dickinson,Precinct No. 9,U.S. House,4,DEM,Leann Jacobsen,3,3
Dickinson,Precinct No. 10,U.S. House,4,DEM,Leann Jacobsen,26,26
Dickinson,Precinct No. 11,U.S. House,4,DEM,Leann Jacobsen,20,20
Dickinson,Precinct No. 12,U.S. House,4,DEM,Leann Jacobsen,13,13
Dickinson,Precinct No. 13,U.S. House,4,DEM,Leann Jacobsen,20,20
Dickinson,Precinct No. 14,U.S. House,4,DEM,Leann Jacobsen,14,14
Dickinson,Precinct No. 15,U.S. House,4,DEM,Leann Jacobsen,36,36
Dickinson,Precinct No. 1,U.S. House,4,DEM,John Paschen,0,0
Dickinson,Precinct No. 2,U.S. House,4,DEM,John Paschen,8,8
Dickinson,Precinct No. 3,U.S. House,4,DEM,John Paschen,4,4
Dickinson,Precinct No. 4,U.S. House,4,DEM,John Paschen,4,4
Dickinson,Precinct No. 5,U.S. House,4,DEM,John Paschen,10,10
Dickinson,Precinct No. 6-Precinct No. 7,U.S. House,4,DEM,John Paschen,1,1
Dickinson,Precinct No. 8,U.S. House,4,DEM,John Paschen,8,8
Dickinson,Precinct No. 9,U.S. House,4,DEM,John Paschen,0,0
Dickinson,Precinct No. 10,U.S. House,4,DEM,John Paschen,4,4
Dickinson,Precinct No. 11,U.S. House,4,DEM,John Paschen,4,4
Dickinson,Precinct No. 12,U.S. House,4,DEM,John Paschen,4,4
Dickinson,Precinct No. 13,U.S. House,4,DEM,John Paschen,8,8
Dickinson,Precinct No. 14,U.S. House,4,DEM,John Paschen,3,3
Dickinson,Precinct No. 15,U.S. House,4,DEM,John Paschen,16,16
Dickinson,Precinct No. 1,U.S. House,4,DEM,J.D. Scholten,10,10
Dickinson,Precinct No. 2,U.S. House,4,DEM,J.D. Scholten,26,26
Dickinson,Precinct No. 3,U.S. House,4,DEM,J.D. Scholten,25,25
Dickinson,Precinct No. 4,U.S. House,4,DEM,J.D. Scholten,6,6
Dickinson,Precinct No. 5,U.S. House,4,DEM,J.D. Scholten,23,23
Dickinson,Precinct No. 6-Precinct No. 7,U.S. House,4,DEM,J.D. Scholten,7,7
Dickinson,Precinct No. 8,U.S. House,4,DEM,J.D. Scholten,47,47
Dickinson,Precinct No. 9,U.S. House,4,DEM,J.D. Scholten,2,2
Dickinson,Precinct No. 10,U.S. House,4,DEM,J.D. Scholten,20,20
Dickinson,Precinct No. 11,U.S. House,4,DEM,J.D. Scholten,18,18
Dickinson,Precinct No. 12,U.S. House,4,DEM,J.D. Scholten,9,9
Dickinson,Precinct No. 13,U.S. House,4,DEM,J.D. Scholten,28,28
Dickinson,Precinct No. 14,U.S. House,4,DEM,J.D. Scholten,11,11
Dickinson,Precinct No. 15,U.S. House,4,DEM,J.D. Scholten,40,40
Dickinson,Precinct No. 1,U.S. House,4,LIB,Charles Aldrich,0,0
Dickinson,Precinct No. 2,U.S. House,4,LIB,Charles Aldrich,0,0
Dickinson,Precinct No. 3,U.S. House,4,LIB,Charles Aldrich,0,0
Dickinson,Precinct No. 4,U.S. House,4,LIB,Charles Aldrich,0,0
Dickinson,Precinct No. 5,U.S. House,4,LIB,Charles Aldrich,1,1
Dickinson,Precinct No. 6-Precinct No. 7,U.S. House,4,LIB,Charles Aldrich,0,0
Dickinson,Precinct No. 8,U.S. House,4,LIB,Charles Aldrich,0,0
Dickinson,Precinct No. 9,U.S. House,4,LIB,Charles Aldrich,0,0
Dickinson,Precinct No. 10,U.S. House,4,LIB,Charles Aldrich,1,1
Dickinson,Precinct No. 11,U.S. House,4,LIB,Charles Aldrich,1,1
Dickinson,Precinct No. 12,U.S. House,4,LIB,Charles Aldrich,0,0
Dickinson,Precinct No. 13,U.S. House,4,LIB,Charles Aldrich,4,4
Dickinson,Precinct No. 14,U.S. House,4,LIB,Charles Aldrich,0,0
Dickinson,Precinct No. 15,U.S. House,4,LIB,Charles Aldrich,4,4
Dickinson,Precinct No. 1,Governor,,REP,Kim Reynolds,136,136
Dickinson,Precinct No. 2,Governor,,REP,Kim Reynolds,143,143
Dickinson,Precinct No. 3,Governor,,REP,Kim Reynolds,146,146
Dickinson,Precinct No. 4,Governor,,REP,Kim Reynolds,41,41
Dickinson,Precinct No. 5,Governor,,REP,Kim Reynolds,164,164
Dickinson,Precinct No. 6-Precinct No. 7,Governor,,REP,Kim Reynolds,92,92
Dickinson,Precinct No. 8,Governor,,REP,Kim Reynolds,205,205
Dickinson,Precinct No. 9,Governor,,REP,Kim Reynolds,17,17
Dickinson,Precinct No. 10,Governor,,REP,Kim Reynolds,83,83
Dickinson,Precinct No. 11,Governor,,REP,Kim Reynolds,162,162
Dickinson,Precinct No. 12,Governor,,REP,Kim Reynolds,95,95
Dickinson,Precinct No. 13,Governor,,REP,Kim Reynolds,137,137
Dickinson,Precinct No. 14,Governor,,REP,Kim Reynolds,65,65
Dickinson,Precinct No. 15,Governor,,REP,Kim Reynolds,237,237
Dickinson,Precinct No. 1,Governor,,,Write-in,0,0
Dickinson,Precinct No. 2,Governor,,,Write-in,0,0
Dickinson,Precinct No. 3,Governor,,,Write-in,0,0
Dickinson,Precinct No. 4,Governor,,,Write-in,0,0
Dickinson,Precinct No. 5,Governor,,,Write-in,0,0
Dickinson,Precinct No. 6-Precinct No. 7,Governor,,,Write-in,0,0
Dickinson,Precinct No. 8,Governor,,,Write-in,0,0
Dickinson,Precinct No. 9,Governor,,,Write-in,0,0
Dickinson,Precinct No. 10,Governor,,,Write-in,0,0
Dickinson,Precinct No. 11,Governor,,,Write-in,0,0
Dickinson,Precinct No. 12,Governor,,,Write-in,0,0
Dickinson,Precinct No. 13,Governor,,,Write-in,0,0
Dickinson,Precinct No. 14,Governor,,,Write-in,0,0
Dickinson,Precinct No. 15,Governor,,,Write-in,0,0
Dickinson,Precinct No. 1,Governor,,DEM,Nate Boulton,1,1
Dickinson,Precinct No. 2,Governor,,DEM,Nate Boulton,1,1
Dickinson,Precinct No. 3,Governor,,DEM,Nate Boulton,2,2
Dickinson,Precinct No. 4,Governor,,DEM,Nate Boulton,0,0
Dickinson,Precinct No. 5,Governor,,DEM,Nate Boulton,2,2
Dickinson,Precinct No. 6-Precinct No. 7,Governor,,DEM,Nate Boulton,2,2
Dickinson,Precinct No. 8,Governor,,DEM,Nate Boulton,4,4
Dickinson,Precinct No. 9,Governor,,DEM,Nate Boulton,2,2
Dickinson,Precinct No. 10,Governor,,DEM,Nate Boulton,4,4
Dickinson,Precinct No. 11,Governor,,DEM,Nate Boulton,0,0
Dickinson,Precinct No. 12,Governor,,DEM,Nate Boulton,0,0
Dickinson,Precinct No. 13,Governor,,DEM,Nate Boulton,5,5
Dickinson,Precinct No. 14,Governor,,DEM,Nate Boulton,0,0
Dickinson,Precinct No. 15,Governor,,DEM,Nate Boulton,3,3
Dickinson,Precinct No. 1,Governor,,DEM,Cathy Glasson,3,3
Dickinson,Precinct No. 2,Governor,,DEM,Cathy Glasson,9,9
Dickinson,Precinct No. 3,Governor,,DEM,Cathy Glasson,4,4
Dickinson,Precinct No. 4,Governor,,DEM,Cathy Glasson,5,5
Dickinson,Precinct No. 5,Governor,,DEM,Cathy Glasson,10,10
Dickinson,Precinct No. 6-Precinct No. 7,Governor,,DEM,Cathy Glasson,4,4
Dickinson,Precinct No. 8,Governor,,DEM,Cathy Glasson,11,11
Dickinson,Precinct No. 9,Governor,,DEM,Cathy Glasson,0,0
Dickinson,Precinct No. 10,Governor,,DEM,Cathy Glasson,6,6
Dickinson,Precinct No. 11,Governor,,DEM,Cathy Glasson,5,5
Dickinson,Precinct No. 12,Governor,,DEM,Cathy Glasson,4,4
Dickinson,Precinct No. 13,Governor,,DEM,Cathy Glasson,8,8
Dickinson,Precinct No. 14,Governor,,DEM,Cathy Glasson,3,3
Dickinson,Precinct No. 15,Governor,,DEM,Cathy Glasson,21,21
Dickinson,Precinct No. 1,Governor,,DEM,Fred Hubbell,9,9
Dickinson,Precinct No. 2,Governor,,DEM,Fred Hubbell,33,33
Dickinson,Precinct No. 3,Governor,,DEM,Fred Hubbell,37,37
Dickinson,Precinct No. 4,Governor,,DEM,Fred Hubbell,9,9
Dickinson,Precinct No. 5,Governor,,DEM,Fred Hubbell,43,43
Dickinson,Precinct No. 6-Precinct No. 7,Governor,,DEM,Fred Hubbell,7,7
Dickinson,Precinct No. 8,Governor,,DEM,Fred Hubbell,60,60
Dickinson,Precinct No. 9,Governor,,DEM,Fred Hubbell,3,3
Dickinson,Precinct No. 10,Governor,,DEM,Fred Hubbell,32,32
Dickinson,Precinct No. 11,Governor,,DEM,Fred Hubbell,28,28
Dickinson,Precinct No. 12,Governor,,DEM,Fred Hubbell,15,15
Dickinson,Precinct No. 13,Governor,,DEM,Fred Hubbell,29,29
Dickinson,Precinct No. 14,Governor,,DEM,Fred Hubbell,25,25
Dickinson,Precinct No. 15,Governor,,DEM,Fred Hubbell,58,58
Dickinson,Precinct No. 1,Governor,,DEM,Andrea Andy McGuire,2,2
Dickinson,Precinct No. 2,Governor,,DEM,Andrea Andy McGuire,5,5
Dickinson,Precinct No. 3,Governor,,DEM,Andrea Andy McGuire,5,5
Dickinson,Precinct No. 4,Governor,,DEM,Andrea Andy McGuire,3,3
Dickinson,Precinct No. 5,Governor,,DEM,Andrea Andy McGuire,7,7
Dickinson,Precinct No. 6-Precinct No. 7,Governor,,DEM,Andrea Andy McGuire,5,5
Dickinson,Precinct No. 8,Governor,,DEM,Andrea Andy McGuire,7,7
Dickinson,Precinct No. 9,Governor,,DEM,Andrea Andy McGuire,0,0
Dickinson,Precinct No. 10,Governor,,DEM,Andrea Andy McGuire,6,6
Dickinson,Precinct No. 11,Governor,,DEM,Andrea Andy McGuire,3,3
Dickinson,Precinct No. 12,Governor,,DEM,Andrea Andy McGuire,3,3
Dickinson,Precinct No. 13,Governor,,DEM,Andrea Andy McGuire,5,5
Dickinson,Precinct No. 14,Governor,,DEM,Andrea Andy McGuire,1,1
Dickinson,Precinct No. 15,Governor,,DEM,Andrea Andy McGuire,4,4
Dickinson,Precinct No. 1,Governor,,DEM,John Norris,1,1
Dickinson,Precinct No. 2,Governor,,DEM,John Norris,1,1
Dickinson,Precinct No. 3,Governor,,DEM,John Norris,4,4
Dickinson,Precinct No. 4,Governor,,DEM,John Norris,3,3
Dickinson,Precinct No. 5,Governor,,DEM,John Norris,8,8
Dickinson,Precinct No. 6-Precinct No. 7,Governor,,DEM,John Norris,2,2
Dickinson,Precinct No. 8,Governor,,DEM,John Norris,12,12
Dickinson,Precinct No. 9,Governor,,DEM,John Norris,0,0
Dickinson,Precinct No. 10,Governor,,DEM,John Norris,4,4
Dickinson,Precinct No. 11,Governor,,DEM,John Norris,8,8
Dickinson,Precinct No. 12,Governor,,DEM,John Norris,5,5
Dickinson,Precinct No. 13,Governor,,DEM,John Norris,9,9
Dickinson,Precinct No. 14,Governor,,DEM,John Norris,1,1
Dickinson,Precinct No. 15,Governor,,DEM,John Norris,4,4
Dickinson,Precinct No. 1,Governor,,DEM,Ross Wilburn,0,0
Dickinson,Precinct No. 2,Governor,,DEM,Ross Wilburn,0,0
Dickinson,Precinct No. 3,Governor,,DEM,Ross Wilburn,0,0
Dickinson,Precinct No. 4,Governor,,DEM,Ross Wilburn,0,0
Dickinson,Precinct No. 5,Governor,,DEM,Ross Wilburn,0,0
Dickinson,Precinct No. 6-Precinct No. 7,Governor,,DEM,Ross Wilburn,0,0
Dickinson,Precinct No. 8,Governor,,DEM,Ross Wilburn,1,1
Dickinson,Precinct No. 9,Governor,,DEM,Ross Wilburn,0,0
Dickinson,Precinct No. 10,Governor,,DEM,Ross Wilburn,0,0
Dickinson,Precinct No. 11,Governor,,DEM,Ross Wilburn,0,0
Dickinson,Precinct No. 12,Governor,,DEM,Ross Wilburn,0,0
Dickinson,Precinct No. 13,Governor,,DEM,Ross Wilburn,2,2
Dickinson,Precinct No. 14,Governor,,DEM,Ross Wilburn,0,0
Dickinson,Precinct No. 15,Governor,,DEM,Ross Wilburn,0,0
Dickinson,Precinct No. 1,Governor,,LIB,Marco Battaglia,0,0
Dickinson,Precinct No. 2,Governor,,LIB,Marco Battaglia,0,0
Dickinson,Precinct No. 3,Governor,,LIB,Marco Battaglia,0,0
Dickinson,Precinct No. 4,Governor,,LIB,Marco Battaglia,0,0
Dickinson,Precinct No. 5,Governor,,LIB,Marco Battaglia,0,0
Dickinson,Precinct No. 6-Precinct No. 7,Governor,,LIB,Marco Battaglia,0,0
Dickinson,Precinct No. 8,Governor,,LIB,Marco Battaglia,0,0
Dickinson,Precinct No. 9,Governor,,LIB,Marco Battaglia,0,0
Dickinson,Precinct No. 10,Governor,,LIB,Marco Battaglia,0,0
Dickinson,Precinct No. 11,Governor,,LIB,Marco Battaglia,1,1
Dickinson,Precinct No. 12,Governor,,LIB,Marco Battaglia,0,0
Dickinson,Precinct No. 13,Governor,,LIB,Marco Battaglia,2,2
Dickinson,Precinct No. 14,Governor,,LIB,Marco Battaglia,0,0
Dickinson,Precinct No. 15,Governor,,LIB,Marco Battaglia,0,0
Dickinson,Precinct No. 1,Governor,,LIB,Jake Porter,0,0
Dickinson,Precinct No. 2,Governor,,LIB,Jake Porter,0,0
Dickinson,Precinct No. 3,Governor,,LIB,Jake Porter,0,0
Dickinson,Precinct No. 4,Governor,,LIB,Jake Porter,0,0
Dickinson,Precinct No. 5,Governor,,LIB,Jake Porter,1,1
Dickinson,Precinct No. 6-Precinct No. 7,Governor,,LIB,Jake Porter,0,0
Dickinson,Precinct No. 8,Governor,,LIB,Jake Porter,0,0
Dickinson,Precinct No. 9,Governor,,LIB,Jake Porter,0,0
Dickinson,Precinct No. 10,Governor,,LIB,Jake Porter,1,1
Dickinson,Precinct No. 11,Governor,,LIB,Jake Porter,0,0
Dickinson,Precinct No. 12,Governor,,LIB,Jake Porter,0,0
Dickinson,Precinct No. 13,Governor,,LIB,Jake Porter,2,2
Dickinson,Precinct No. 14,Governor,,LIB,Jake Porter,0,0
Dickinson,Precinct No. 15,Governor,,LIB,Jake Porter,4,4
Dickinson,Precinct No. 1,Secretary of State,,REP,Paul D. Pate,109,109
Dickinson,Precinct No. 2,Secretary of State,,REP,Paul D. Pate,128,128
Dickinson,Precinct No. 3,Secretary of State,,REP,Paul D. Pate,131,131
Dickinson,Precinct No. 4,Secretary of State,,REP,Paul D. Pate,33,33
Dickinson,Precinct No. 5,Secretary of State,,REP,Paul D. Pate,147,147
Dickinson,Precinct No. 6-Precinct No. 7,Secretary of State,,REP,Paul D. Pate,84,84
Dickinson,Precinct No. 8,Secretary of State,,REP,Paul D. Pate,185,185
Dickinson,Precinct No. 9,Secretary of State,,REP,Paul D. Pate,11,11
Dickinson,Precinct No. 10,Secretary of State,,REP,Paul D. Pate,73,73
Dickinson,Precinct No. 11,Secretary of State,,REP,Paul D. Pate,146,146
Dickinson,Precinct No. 12,Secretary of State,,REP,Paul D. Pate,86,86
Dickinson,Precinct No. 13,Secretary of State,,REP,Paul D. Pate,120,120
Dickinson,Precinct No. 14,Secretary of State,,REP,Paul D. Pate,59,59
Dickinson,Precinct No. 15,Secretary of State,,REP,Paul D. Pate,216,216
Dickinson,Precinct No. 1,Secretary of State,,,Write-in,0,0
Dickinson,Precinct No. 2,Secretary of State,,,Write-in,0,0
Dickinson,Precinct No. 3,Secretary of State,,,Write-in,0,0
Dickinson,Precinct No. 4,Secretary of State,,,Write-in,0,0
Dickinson,Precinct No. 5,Secretary of State,,,Write-in,0,0
Dickinson,Precinct No. 6-Precinct No. 7,Secretary of State,,,Write-in,0,0
Dickinson,Precinct No. 8,Secretary of State,,,Write-in,0,0
Dickinson,Precinct No. 9,Secretary of State,,,Write-in,0,0
Dickinson,Precinct No. 10,Secretary of State,,,Write-in,0,0
Dickinson,Precinct No. 11,Secretary of State,,,Write-in,0,0
Dickinson,Precinct No. 12,Secretary of State,,,Write-in,0,0
Dickinson,Precinct No. 13,Secretary of State,,,Write-in,0,0
Dickinson,Precinct No. 14,Secretary of State,,,Write-in,0,0
Dickinson,Precinct No. 15,Secretary of State,,,Write-in,1,1
Dickinson,Precinct No. 1,Secretary of State,,DEM,Deidre DeJear,8,8
Dickinson,Precinct No. 2,Secretary of State,,DEM,Deidre DeJear,19,19
Dickinson,Precinct No. 3,Secretary of State,,DEM,Deidre DeJear,27,27
Dickinson,Precinct No. 4,Secretary of State,,DEM,Deidre DeJear,10,10
Dickinson,Precinct No. 5,Secretary of State,,DEM,Deidre DeJear,28,28
Dickinson,Precinct No. 6-Precinct No. 7,Secretary of State,,DEM,Deidre DeJear,5,5
Dickinson,Precinct No. 8,Secretary of State,,DEM,Deidre DeJear,45,45
Dickinson,Precinct No. 9,Secretary of State,,DEM,Deidre DeJear,0,0
Dickinson,Precinct No. 10,Secretary of State,,DEM,Deidre DeJear,27,27
Dickinson,Precinct No. 11,Secretary of State,,DEM,Deidre DeJear,18,18
Dickinson,Precinct No. 12,Secretary of State,,DEM,Deidre DeJear,15,15
Dickinson,Precinct No. 13,Secretary of State,,DEM,Deidre DeJear,30,30
Dickinson,Precinct No. 14,Secretary of State,,DEM,Deidre DeJear,13,13
Dickinson,Precinct No. 15,Secretary of State,,DEM,Deidre DeJear,45,45
Dickinson,Precinct No. 1,Secretary of State,,DEM,Jim Mowrer,7,7
Dickinson,Precinct No. 2,Secretary of State,,DEM,Jim Mowrer,27,27
Dickinson,Precinct No. 3,Secretary of State,,DEM,Jim Mowrer,23,23
Dickinson,Precinct No. 4,Secretary of State,,DEM,Jim Mowrer,9,9
Dickinson,Precinct No. 5,Secretary of State,,DEM,Jim Mowrer,33,33
Dickinson,Precinct No. 6-Precinct No. 7,Secretary of State,,DEM,Jim Mowrer,14,14
Dickinson,Precinct No. 8,Secretary of State,,DEM,Jim Mowrer,47,47
Dickinson,Precinct No. 9,Secretary of State,,DEM,Jim Mowrer,5,5
Dickinson,Precinct No. 10,Secretary of State,,DEM,Jim Mowrer,21,21
Dickinson,Precinct No. 11,Secretary of State,,DEM,Jim Mowrer,19,19
Dickinson,Precinct No. 12,Secretary of State,,DEM,Jim Mowrer,9,9
Dickinson,Precinct No. 13,Secretary of State,,DEM,Jim Mowrer,27,27
Dickinson,Precinct No. 14,Secretary of State,,DEM,Jim Mowrer,12,12
Dickinson,Precinct No. 15,Secretary of State,,DEM,Jim Mowrer,41,41
Dickinson,Precinct No. 1,Auditor of State,,REP,Mary Mosiman,109,109
Dickinson,Precinct No. 2,Auditor of State,,REP,Mary Mosiman,122,122
Dickinson,Precinct No. 3,Auditor of State,,REP,Mary Mosiman,126,126
Dickinson,Precinct No. 4,Auditor of State,,REP,Mary Mosiman,30,30
Dickinson,Precinct No. 5,Auditor of State,,REP,Mary Mosiman,143,143
Dickinson,Precinct No. 6-Precinct No. 7,Auditor of State,,REP,Mary Mosiman,80,80
Dickinson,Precinct No. 8,Auditor of State,,REP,Mary Mosiman,184,184
Dickinson,Precinct No. 9,Auditor of State,,REP,Mary Mosiman,11,11
Dickinson,Precinct No. 10,Auditor of State,,REP,Mary Mosiman,68,68
Dickinson,Precinct No. 11,Auditor of State,,REP,Mary Mosiman,141,141
Dickinson,Precinct No. 12,Auditor of State,,REP,Mary Mosiman,85,85
Dickinson,Precinct No. 13,Auditor of State,,REP,Mary Mosiman,119,119
Dickinson,Precinct No. 14,Auditor of State,,REP,Mary Mosiman,56,56
Dickinson,Precinct No. 15,Auditor of State,,REP,Mary Mosiman,206,206
Dickinson,Precinct No. 1,Auditor of State,,,Write-in,0,0
Dickinson,Precinct No. 2,Auditor of State,,,Write-in,0,0
Dickinson,Precinct No. 3,Auditor of State,,,Write-in,0,0
Dickinson,Precinct No. 4,Auditor of State,,,Write-in,0,0
Dickinson,Precinct No. 5,Auditor of State,,,Write-in,0,0
Dickinson,Precinct No. 6-Precinct No. 7,Auditor of State,,,Write-in,0,0
Dickinson,Precinct No. 8,Auditor of State,,,Write-in,0,0
Dickinson,Precinct No. 9,Auditor of State,,,Write-in,0,0
Dickinson,Precinct No. 10,Auditor of State,,,Write-in,0,0
Dickinson,Precinct No. 11,Auditor of State,,,Write-in,0,0
Dickinson,Precinct No. 12,Auditor of State,,,Write-in,0,0
Dickinson,Precinct No. 13,Auditor of State,,,Write-in,0,0
Dickinson,Precinct No. 14,Auditor of State,,,Write-in,0,0
Dickinson,Precinct No. 15,Auditor of State,,,Write-in,1,1
Dickinson,Precinct No. 1,Auditor of State,,DEM,Rob Sand,13,13
Dickinson,Precinct No. 2,Auditor of State,,DEM,Rob Sand,44,44
Dickinson,Precinct No. 3,Auditor of State,,DEM,Rob Sand,46,46
Dickinson,Precinct No. 4,Auditor of State,,DEM,Rob Sand,17,17
Dickinson,Precinct No. 5,Auditor of State,,DEM,Rob Sand,57,57
Dickinson,Precinct No. 6-Precinct No. 7,Auditor of State,,DEM,Rob Sand,13,13
Dickinson,Precinct No. 8,Auditor of State,,DEM,Rob Sand,82,82
Dickinson,Precinct No. 9,Auditor of State,,DEM,Rob Sand,5,5
Dickinson,Precinct No. 10,Auditor of State,,DEM,Rob Sand,43,43
Dickinson,Precinct No. 11,Auditor of State,,DEM,Rob Sand,37,37
Dickinson,Precinct No. 12,Auditor of State,,DEM,Rob Sand,24,24
Dickinson,Precinct No. 13,Auditor of State,,DEM,Rob Sand,49,49
Dickinson,Precinct No. 14,Auditor of State,,DEM,Rob Sand,27,27
Dickinson,Precinct No. 15,Auditor of State,,DEM,Rob Sand,80,80
Dickinson,Precinct No. 1,Treasurer of State,,,Write-in,0,0
Dickinson,Precinct No. 2,Treasurer of State,,,Write-in,0,0
Dickinson,Precinct No. 3,Treasurer of State,,,Write-in,0,0
Dickinson,Precinct No. 4,Treasurer of State,,,Write-in,0,0
Dickinson,Precinct No. 5,Treasurer of State,,,Write-in,0,0
Dickinson,Precinct No. 6-Precinct No. 7,Treasurer of State,,,Write-in,0,0
Dickinson,Precinct No. 8,Treasurer of State,,,Write-in,0,0
Dickinson,Precinct No. 9,Treasurer of State,,,Write-in,0,0
Dickinson,Precinct No. 10,Treasurer of State,,,Write-in,0,0
Dickinson,Precinct No. 11,Treasurer of State,,,Write-in,0,0
Dickinson,Precinct No. 12,Treasurer of State,,,Write-in,0,0
Dickinson,Precinct No. 13,Treasurer of State,,,Write-in,0,0
Dickinson,Precinct No. 14,Treasurer of State,,,Write-in,0,0
Dickinson,Precinct No. 15,Treasurer of State,,,Write-in,0,0
Dickinson,Precinct No. 1,Treasurer of State,,DEM,Michael L. Fitzgerald,13,13
Dickinson,Precinct No. 2,Treasurer of State,,DEM,Michael L. Fitzgerald,45,45
Dickinson,Precinct No. 3,Treasurer of State,,DEM,Michael L. Fitzgerald,48,48
Dickinson,Precinct No. 4,Treasurer of State,,DEM,Michael L. Fitzgerald,18,18
Dickinson,Precinct No. 5,Treasurer of State,,DEM,Michael L. Fitzgerald,64,64
Dickinson,Precinct No. 6-Precinct No. 7,Treasurer of State,,DEM,Michael L. Fitzgerald,18,18
Dickinson,Precinct No. 8,Treasurer of State,,DEM,Michael L. Fitzgerald,90,90
Dickinson,Precinct No. 9,Treasurer of State,,DEM,Michael L. Fitzgerald,5,5
Dickinson,Precinct No. 10,Treasurer of State,,DEM,Michael L. Fitzgerald,44,44
Dickinson,Precinct No. 11,Treasurer of State,,DEM,Michael L. Fitzgerald,40,40
Dickinson,Precinct No. 12,Treasurer of State,,DEM,Michael L. Fitzgerald,27,27
Dickinson,Precinct No. 13,Treasurer of State,,DEM,Michael L. Fitzgerald,53,53
Dickinson,Precinct No. 14,Treasurer of State,,DEM,Michael L. Fitzgerald,28,28
Dickinson,Precinct No. 15,Treasurer of State,,DEM,Michael L. Fitzgerald,84,84
Dickinson,Precinct No. 1,Secretary of Agriculture,,REP,Ray Gaesser,20,20
Dickinson,Precinct No. 2,Secretary of Agriculture,,REP,Ray Gaesser,16,16
Dickinson,Precinct No. 3,Secretary of Agriculture,,REP,Ray Gaesser,10,10
Dickinson,Precinct No. 4,Secretary of Agriculture,,REP,Ray Gaesser,1,1
Dickinson,Precinct No. 5,Secretary of Agriculture,,REP,Ray Gaesser,18,18
Dickinson,Precinct No. 6-Precinct No. 7,Secretary of Agriculture,,REP,Ray Gaesser,12,12
Dickinson,Precinct No. 8,Secretary of Agriculture,,REP,Ray Gaesser,17,17
Dickinson,Precinct No. 9,Secretary of Agriculture,,REP,Ray Gaesser,0,0
Dickinson,Precinct No. 10,Secretary of Agriculture,,REP,Ray Gaesser,7,7
Dickinson,Precinct No. 11,Secretary of Agriculture,,REP,Ray Gaesser,23,23
Dickinson,Precinct No. 12,Secretary of Agriculture,,REP,Ray Gaesser,7,7
Dickinson,Precinct No. 13,Secretary of Agriculture,,REP,Ray Gaesser,13,13
Dickinson,Precinct No. 14,Secretary of Agriculture,,REP,Ray Gaesser,13,13
Dickinson,Precinct No. 15,Secretary of Agriculture,,REP,Ray Gaesser,22,22
Dickinson,Precinct No. 1,Secretary of Agriculture,,REP,Chad Ingels,12,12
Dickinson,Precinct No. 2,Secretary of Agriculture,,REP,Chad Ingels,6,6
Dickinson,Precinct No. 3,Secretary of Agriculture,,REP,Chad Ingels,6,6
Dickinson,Precinct No. 4,Secretary of Agriculture,,REP,Chad Ingels,1,1
Dickinson,Precinct No. 5,Secretary of Agriculture,,REP,Chad Ingels,11,11
Dickinson,Precinct No. 6-Precinct No. 7,Secretary of Agriculture,,REP,Chad Ingels,5,5
Dickinson,Precinct No. 8,Secretary of Agriculture,,REP,Chad Ingels,16,16
Dickinson,Precinct No. 9,Secretary of Agriculture,,REP,Chad Ingels,0,0
Dickinson,Precinct No. 10,Secretary of Agriculture,,REP,Chad Ingels,4,4
Dickinson,Precinct No. 11,Secretary of Agriculture,,REP,Chad Ingels,7,7
Dickinson,Precinct No. 12,Secretary of Agriculture,,REP,Chad Ingels,4,4
Dickinson,Precinct No. 13,Secretary of Agriculture,,REP,Chad Ingels,11,11
Dickinson,Precinct No. 14,Secretary of Agriculture,,REP,Chad Ingels,5,5
Dickinson,Precinct No. 15,Secretary of Agriculture,,REP,Chad Ingels,18,18
Dickinson,Precinct No. 1,Secretary of Agriculture,,REP,Craig Lang,18,18
Dickinson,Precinct No. 2,Secretary of Agriculture,,REP,Craig Lang,13,13
Dickinson,Precinct No. 3,Secretary of Agriculture,,REP,Craig Lang,20,20
Dickinson,Precinct No. 4,Secretary of Agriculture,,REP,Craig Lang,4,4
Dickinson,Precinct No. 5,Secretary of Agriculture,,REP,Craig Lang,14,14
Dickinson,Precinct No. 6-Precinct No. 7,Secretary of Agriculture,,REP,Craig Lang,11,11
Dickinson,Precinct No. 8,Secretary of Agriculture,,REP,Craig Lang,23,23
Dickinson,Precinct No. 9,Secretary of Agriculture,,REP,Craig Lang,3,3
Dickinson,Precinct No. 10,Secretary of Agriculture,,REP,Craig Lang,14,14
Dickinson,Precinct No. 11,Secretary of Agriculture,,REP,Craig Lang,10,10
Dickinson,Precinct No. 12,Secretary of Agriculture,,REP,Craig Lang,10,10
Dickinson,Precinct No. 13,Secretary of Agriculture,,REP,Craig Lang,13,13
Dickinson,Precinct No. 14,Secretary of Agriculture,,REP,Craig Lang,2,2
Dickinson,Precinct No. 15,Secretary of Agriculture,,REP,Craig Lang,22,22
Dickinson,Precinct No. 1,Secretary of Agriculture,,REP,Mike Naig,60,60
Dickinson,Precinct No. 2,Secretary of Agriculture,,REP,Mike Naig,73,73
Dickinson,Precinct No. 3,Secretary of Agriculture,,REP,Mike Naig,87,87
Dickinson,Precinct No. 4,Secretary of Agriculture,,REP,Mike Naig,27,27
Dickinson,Precinct No. 5,Secretary of Agriculture,,REP,Mike Naig,90,90
Dickinson,Precinct No. 6-Precinct No. 7,Secretary of Agriculture,,REP,Mike Naig,64,64
Dickinson,Precinct No. 8,Secretary of Agriculture,,REP,Mike Naig,118,118
Dickinson,Precinct No. 9,Secretary of Agriculture,,REP,Mike Naig,11,11
Dickinson,Precinct No. 10,Secretary of Agriculture,,REP,Mike Naig,35,35
Dickinson,Precinct No. 11,Secretary of Agriculture,,REP,Mike Naig,99,99
Dickinson,Precinct No. 12,Secretary of Agriculture,,REP,Mike Naig,61,61
Dickinson,Precinct No. 13,Secretary of Agriculture,,REP,Mike Naig,72,72
Dickinson,Precinct No. 14,Secretary of Agriculture,,REP,Mike Naig,36,36
Dickinson,Precinct No. 15,Secretary of Agriculture,,REP,Mike Naig,144,144
Dickinson,Precinct No. 1,Secretary of Agriculture,,REP,Dan Zumbach,12,12
Dickinson,Precinct No. 2,Secretary of Agriculture,,REP,Dan Zumbach,15,15
Dickinson,Precinct No. 3,Secretary of Agriculture,,REP,Dan Zumbach,6,6
Dickinson,Precinct No. 4,Secretary of Agriculture,,REP,Dan Zumbach,3,3
Dickinson,Precinct No. 5,Secretary of Agriculture,,REP,Dan Zumbach,13,13
Dickinson,Precinct No. 6-Precinct No. 7,Secretary of Agriculture,,REP,Dan Zumbach,1,1
Dickinson,Precinct No. 8,Secretary of Agriculture,,REP,Dan Zumbach,12,12
Dickinson,Precinct No. 9,Secretary of Agriculture,,REP,Dan Zumbach,0,0
Dickinson,Precinct No. 10,Secretary of Agriculture,,REP,Dan Zumbach,7,7
Dickinson,Precinct No. 11,Secretary of Agriculture,,REP,Dan Zumbach,12,12
Dickinson,Precinct No. 12,Secretary of Agriculture,,REP,Dan Zumbach,5,5
Dickinson,Precinct No. 13,Secretary of Agriculture,,REP,Dan Zumbach,5,5
Dickinson,Precinct No. 14,Secretary of Agriculture,,REP,Dan Zumbach,6,6
Dickinson,Precinct No. 15,Secretary of Agriculture,,REP,Dan Zumbach,13,13
Dickinson,Precinct No. 1,Secretary of Agriculture,,,Write-in,0,0
Dickinson,Precinct No. 2,Secretary of Agriculture,,,Write-in,0,0
Dickinson,Precinct No. 3,Secretary of Agriculture,,,Write-in,0,0
Dickinson,Precinct No. 4,Secretary of Agriculture,,,Write-in,0,0
Dickinson,Precinct No. 5,Secretary of Agriculture,,,Write-in,0,0
Dickinson,Precinct No. 6-Precinct No. 7,Secretary of Agriculture,,,Write-in,0,0
Dickinson,Precinct No. 8,Secretary of Agriculture,,,Write-in,0,0
Dickinson,Precinct No. 9,Secretary of Agriculture,,,Write-in,0,0
Dickinson,Precinct No. 10,Secretary of Agriculture,,,Write-in,0,0
Dickinson,Precinct No. 11,Secretary of Agriculture,,,Write-in,0,0
Dickinson,Precinct No. 12,Secretary of Agriculture,,,Write-in,0,0
Dickinson,Precinct No. 13,Secretary of Agriculture,,,Write-in,0,0
Dickinson,Precinct No. 14,Secretary of Agriculture,,,Write-in,0,0
Dickinson,Precinct No. 15,Secretary of Agriculture,,,Write-in,2,2
Dickinson,Precinct No. 1,Secretary of Agriculture,,DEM,Tim Gannon,13,13
Dickinson,Precinct No. 2,Secretary of Agriculture,,DEM,Tim Gannon,45,45
Dickinson,Precinct No. 3,Secretary of Agriculture,,DEM,Tim Gannon,45,45
Dickinson,Precinct No. 4,Secretary of Agriculture,,DEM,Tim Gannon,18,18
Dickinson,Precinct No. 5,Secretary of Agriculture,,DEM,Tim Gannon,57,57
Dickinson,Precinct No. 6-Precinct No. 7,Secretary of Agriculture,,DEM,Tim Gannon,18,18
Dickinson,Precinct No. 8,Secretary of Agriculture,,DEM,Tim Gannon,89,89
Dickinson,Precinct No. 9,Secretary of Agriculture,,DEM,Tim Gannon,5,5
Dickinson,Precinct No. 10,Secretary of Agriculture,,DEM,Tim Gannon,43,43
Dickinson,Precinct No. 11,Secretary of Agriculture,,DEM,Tim Gannon,34,34
Dickinson,Precinct No. 12,Secretary of Agriculture,,DEM,Tim Gannon,24,24
Dickinson,Precinct No. 13,Secretary of Agriculture,,DEM,Tim Gannon,53,53
Dickinson,Precinct No. 14,Secretary of Agriculture,,DEM,Tim Gannon,27,27
Dickinson,Precinct No. 15,Secretary of Agriculture,,DEM,Tim Gannon,81,81
Dickinson,Precinct No. 1,Attorney General,,,Write-in,0,0
Dickinson,Precinct No. 2,Attorney General,,,Write-in,0,0
Dickinson,Precinct No. 3,Attorney General,,,Write-in,0,0
Dickinson,Precinct No. 4,Attorney General,,,Write-in,0,0
Dickinson,Precinct No. 5,Attorney General,,,Write-in,0,0
Dickinson,Precinct No. 6-Precinct No. 7,Attorney General,,,Write-in,0,0
Dickinson,Precinct No. 8,Attorney General,,,Write-in,0,0
Dickinson,Precinct No. 9,Attorney General,,,Write-in,0,0
Dickinson,Precinct No. 10,Attorney General,,,Write-in,0,0
Dickinson,Precinct No. 11,Attorney General,,,Write-in,0,0
Dickinson,Precinct No. 12,Attorney General,,,Write-in,0,0
Dickinson,Precinct No. 13,Attorney General,,,Write-in,0,0
Dickinson,Precinct No. 14,Attorney General,,,Write-in,0,0
Dickinson,Precinct No. 15,Attorney General,,,Write-in,0,0
Dickinson,Precinct No. 1,Attorney General,,DEM,Tom Miller,14,14
Dickinson,Precinct No. 2,Attorney General,,DEM,Tom Miller,45,45
Dickinson,Precinct No. 3,Attorney General,,DEM,Tom Miller,51,51
Dickinson,Precinct No. 4,Attorney General,,DEM,Tom Miller,18,18
Dickinson,Precinct No. 5,Attorney General,,DEM,Tom Miller,61,61
Dickinson,Precinct No. 6-Precinct No. 7,Attorney General,,DEM,Tom Miller,18,18
Dickinson,Precinct No. 8,Attorney General,,DEM,Tom Miller,91,91
Dickinson,Precinct No. 9,Attorney General,,DEM,Tom Miller,5,5
Dickinson,Precinct No. 10,Attorney General,,DEM,Tom Miller,45,45
Dickinson,Precinct No. 11,Attorney General,,DEM,Tom Miller,38,38
Dickinson,Precinct No. 12,Attorney General,,DEM,Tom Miller,27,27
Dickinson,Precinct No. 13,Attorney General,,DEM,Tom Miller,52,52
Dickinson,Precinct No. 14,Attorney General,,DEM,Tom Miller,27,27
Dickinson,Precinct No. 15,Attorney General,,DEM,Tom Miller,83,83
Dickinson,Precinct No. 1,State Senator District 1,,REP,Brad D. Price,26,26
Dickinson,Precinct No. 2,State Senator District 1,,REP,Brad D. Price,37,37
Dickinson,Precinct No. 3,State Senator District 1,,REP,Brad D. Price,44,44
Dickinson,Precinct No. 4,State Senator District 1,,REP,Brad D. Price,9,9
Dickinson,Precinct No. 5,State Senator District 1,,REP,Brad D. Price,60,60
Dickinson,Precinct No. 6-Precinct No. 7,State Senator District 1,,REP,Brad D. Price,20,20
Dickinson,Precinct No. 8,State Senator District 1,,REP,Brad D. Price,46,46
Dickinson,Precinct No. 9,State Senator District 1,,REP,Brad D. Price,6,6
Dickinson,Precinct No. 10,State Senator District 1,,REP,Brad D. Price,33,33
Dickinson,Precinct No. 11,State Senator District 1,,REP,Brad D. Price,73,73
Dickinson,Precinct No. 12,State Senator District 1,,REP,Brad D. Price,38,38
Dickinson,Precinct No. 13,State Senator District 1,,REP,Brad D. Price,31,31
Dickinson,Precinct No. 14,State Senator District 1,,REP,Brad D. Price,9,9
Dickinson,Precinct No. 15,State Senator District 1,,REP,Brad D. Price,67,67
Dickinson,Precinct No. 1,State Senator District 1,,REP,Zach Whiting,116,116
Dickinson,Precinct No. 2,State Senator District 1,,REP,Zach Whiting,102,102
Dickinson,Precinct No. 3,State Senator District 1,,REP,Zach Whiting,88,88
Dickinson,Precinct No. 4,State Senator District 1,,REP,Zach Whiting,30,30
Dickinson,Precinct No. 5,State Senator District 1,,REP,Zach Whiting,100,100
Dickinson,Precinct No. 6-Precinct No. 7,State Senator District 1,,REP,Zach Whiting,68,68
Dickinson,Precinct No. 8,State Senator District 1,,REP,Zach Whiting,158,158
Dickinson,Precinct No. 9,State Senator District 1,,REP,Zach Whiting,9,9
Dickinson,Precinct No. 10,State Senator District 1,,REP,Zach Whiting,51,51
Dickinson,Precinct No. 11,State Senator District 1,,REP,Zach Whiting,98,98
Dickinson,Precinct No. 12,State Senator District 1,,REP,Zach Whiting,50,50
Dickinson,Precinct No. 13,State Senator District 1,,REP,Zach Whiting,115,115
Dickinson,Precinct No. 14,State Senator District 1,,REP,Zach Whiting,57,57
Dickinson,Precinct No. 15,State Senator District 1,,REP,Zach Whiting,187,187
Dickinson,Precinct No. 1,State Senator District 1,,REP,Jesse Wolfe,6,6
Dickinson,Precinct No. 2,State Senator District 1,,REP,Jesse Wolfe,13,13
Dickinson,Precinct No. 3,State Senator District 1,,REP,Jesse Wolfe,15,15
Dickinson,Precinct No. 4,State Senator District 1,,REP,Jesse Wolfe,4,4
Dickinson,Precinct No. 5,State Senator District 1,,REP,Jesse Wolfe,7,7
Dickinson,Precinct No. 6-Precinct No. 7,State Senator District 1,,REP,Jesse Wolfe,10,10
Dickinson,Precinct No. 8,State Senator District 1,,REP,Jesse Wolfe,14,14
Dickinson,Precinct No. 9,State Senator District 1,,REP,Jesse Wolfe,3,3
Dickinson,Precinct No. 10,State Senator District 1,,REP,Jesse Wolfe,4,4
Dickinson,Precinct No. 11,State Senator District 1,,REP,Jesse Wolfe,4,4
Dickinson,Precinct No. 12,State Senator District 1,,REP,Jesse Wolfe,7,7
Dickinson,Precinct No. 13,State Senator District 1,,REP,Jesse Wolfe,6,6
Dickinson,Precinct No. 14,State Senator District 1,,REP,Jesse Wolfe,6,6
Dickinson,Precinct No. 15,State Senator District 1,,REP,Jesse Wolfe,14,14
Dickinson,Precinct No. 1,State Senator District 1,,,Write-in,0,0
Dickinson,Precinct No. 2,State Senator District 1,,,Write-in,0,0
Dickinson,Precinct No. 3,State Senator District 1,,,Write-in,0,0
Dickinson,Precinct No. 4,State Senator District 1,,,Write-in,0,0
Dickinson,Precinct No. 5,State Senator District 1,,,Write-in,0,0
Dickinson,Precinct No. 6-Precinct No. 7,State Senator District 1,,,Write-in,0,0
Dickinson,Precinct No. 8,State Senator District 1,,,Write-in,0,0
Dickinson,Precinct No. 9,State Senator District 1,,,Write-in,0,0
Dickinson,Precinct No. 10,State Senator District 1,,,Write-in,0,0
Dickinson,Precinct No. 11,State Senator District 1,,,Write-in,0,0
Dickinson,Precinct No. 12,State Senator District 1,,,Write-in,0,0
Dickinson,Precinct No. 13,State Senator District 1,,,Write-in,0,0
Dickinson,Precinct No. 14,State Senator District 1,,,Write-in,0,0
Dickinson,Precinct No. 15,State Senator District 1,,,Write-in,1,1
Dickinson,Precinct No. 1,State Representative District 1,,REP,John H. Wills,119,119
Dickinson,Precinct No. 2,State Representative District 1,,REP,John H. Wills,136,136
Dickinson,Precinct No. 3,State Representative District 1,,REP,John H. Wills,132,132
Dickinson,Precinct No. 4,State Representative District 1,,REP,John H. Wills,35,35
Dickinson,Precinct No. 5,State Representative District 1,,REP,John H. Wills,145,145
Dickinson,Precinct No. 10,State Representative District 1,,REP,John H. Wills,78,78
Dickinson,Precinct No. 11,State Representative District 1,,REP,John H. Wills,142,142
Dickinson,Precinct No. 12,State Representative District 1,,REP,John H. Wills,88,88
Dickinson,Precinct No. 13,State Representative District 1,,REP,John H. Wills,122,122
Dickinson,Precinct No. 14,State Representative District 1,,REP,John H. Wills,60,60
Dickinson,Precinct No. 15,State Representative District 1,,REP,John H. Wills,226,226
Dickinson,Precinct No. 1,State Representative District 1,,,Write-in,0,0
Dickinson,Precinct No. 2,State Representative District 1,,,Write-in,0,0
Dickinson,Precinct No. 3,State Representative District 1,,,Write-in,0,0
Dickinson,Precinct No. 4,State Representative District 1,,,Write-in,0,0
Dickinson,Precinct No. 5,State Representative District 1,,,Write-in,0,0
Dickinson,Precinct No. 10,State Representative District 1,,,Write-in,0,0
Dickinson,Precinct No. 11,State Representative District 1,,,Write-in,0,0
Dickinson,Precinct No. 12,State Representative District 1,,,Write-in,0,0
Dickinson,Precinct No. 13,State Representative District 1,,,Write-in,0,0
Dickinson,Precinct No. 14,State Representative District 1,,,Write-in,0,0
Dickinson,Precinct No. 15,State Representative District 1,,,Write-in,1,1
Dickinson,Precinct No. 1,State Representative District 1,,DEM,Karen A. Larson,13,13
Dickinson,Precinct No. 2,State Representative District 1,,DEM,Karen A. Larson,46,46
Dickinson,Precinct No. 3,State Representative District 1,,DEM,Karen A. Larson,47,47
Dickinson,Precinct No. 4,State Representative District 1,,DEM,Karen A. Larson,18,18
Dickinson,Precinct No. 5,State Representative District 1,,DEM,Karen A. Larson,56,56
Dickinson,Precinct No. 10,State Representative District 1,,DEM,Karen A. Larson,44,44
Dickinson,Precinct No. 11,State Representative District 1,,DEM,Karen A. Larson,36,36
Dickinson,Precinct No. 12,State Representative District 1,,DEM,Karen A. Larson,24,24
Dickinson,Precinct No. 13,State Representative District 1,,DEM,Karen A. Larson,52,52
Dickinson,Precinct No. 14,State Representative District 1,,DEM,Karen A. Larson,25,25
Dickinson,Precinct No. 15,State Representative District 1,,DEM,Karen A. Larson,84,84
Dickinson,Precinct No. 6-Precinct No. 7,State Representative District 2,,REP,Megan Lee Hess Jones,89,89
Dickinson,Precinct No. 8,State Representative District 2,,REP,Megan Lee Hess Jones,186,186
Dickinson,Precinct No. 9,State Representative District 2,,REP,Megan Lee Hess Jones,15,15
Dickinson,Precinct No. 6-Precinct No. 7,State Representative District 2,,,Write-in,0,0
Dickinson,Precinct No. 8,State Representative District 2,,,Write-in,0,0
Dickinson,Precinct No. 9,State Representative District 2,,,Write-in,0,0
Dickinson,Precinct No. 6-Precinct No. 7,State Representative District 2,,DEM,Ryan Odor,15,15
Dickinson,Precinct No. 8,State Representative District 2,,DEM,Ryan Odor,83,83
Dickinson,Precinct No. 9,State Representative District 2,,DEM,Ryan Odor,5,5
Dickinson,Precinct No. 3,County Board of Supervisors District 1,,REP,William C. Leupold,112,112
Dickinson,Precinct No. 13,County Board of Supervisors District 1,,REP,William C. Leupold,73,73
Dickinson,Precinct No. 14,County Board of Supervisors District 1,,REP,William C. Leupold,40,40
Dickinson,Precinct No. 3,County Board of Supervisors District 1,,REP,Terry L. Wilts,52,52
Dickinson,Precinct No. 13,County Board of Supervisors District 1,,REP,Terry L. Wilts,74,74
Dickinson,Precinct No. 14,County Board of Supervisors District 1,,REP,Terry L. Wilts,32,32
Dickinson,Precinct No. 3,County Board of Supervisors District 1,,,Write-in,0,0
Dickinson,Precinct No. 13,County Board of Supervisors District 1,,,Write-in,0,0
Dickinson,Precinct No. 14,County Board of Supervisors District 1,,,Write-in,0,0
Dickinson,Precinct No. 4,County Board of Supervisors District 2,,REP,Steven R. Clark,23,23
Dickinson,Precinct No. 5,County Board of Supervisors District 2,,REP,Steven R. Clark,70,70
Dickinson,Precinct No. 6-Precinct No. 7,County Board of Supervisors District 2,,REP,Steven R. Clark,72,72
Dickinson,Precinct No. 10,County Board of Supervisors District 2,,REP,Steven R. Clark,47,47
Dickinson,Precinct No. 4,County Board of Supervisors District 2,,REP,David L. Kohlhaase,20,20
Dickinson,Precinct No. 5,County Board of Supervisors District 2,,REP,David L. Kohlhaase,111,111
Dickinson,Precinct No. 6-Precinct No. 7,County Board of Supervisors District 2,,REP,David L. Kohlhaase,37,37
Dickinson,Precinct No. 10,County Board of Supervisors District 2,,REP,David L. Kohlhaase,34,34
Dickinson,Precinct No. 4,County Board of Supervisors District 2,,,Write-in,0,0
Dickinson,Precinct No. 5,County Board of Supervisors District 2,,,Write-in,0,0
Dickinson,Precinct No. 6-Precinct No. 7,County Board of Supervisors District 2,,,Write-in,0,0
Dickinson,Precinct No. 10,County Board of Supervisors District 2,,,Write-in,1,1
Dickinson,Precinct No. 1,County Board of Supervisors District 4,,REP,Paul Johnson,57,57
Dickinson,Precinct No. 2,County Board of Supervisors District 4,,REP,Paul Johnson,56,56
Dickinson,Precinct No. 9,County Board of Supervisors District 4,,REP,Paul Johnson,2,2
Dickinson,Precinct No. 11,County Board of Supervisors District 4,,REP,Paul Johnson,118,118
Dickinson,Precinct No. 1,County Board of Supervisors District 4,,REP,Kim Wermersen,95,95
Dickinson,Precinct No. 2,County Board of Supervisors District 4,,REP,Kim Wermersen,105,105
Dickinson,Precinct No. 9,County Board of Supervisors District 4,,REP,Kim Wermersen,15,15
Dickinson,Precinct No. 11,County Board of Supervisors District 4,,REP,Kim Wermersen,80,80
Dickinson,Precinct No. 1,County Board of Supervisors District 4,,,Write-in,1,1
Dickinson,Precinct No. 2,County Board of Supervisors District 4,,,Write-in,0,0
Dickinson,Precinct No. 9,County Board of Supervisors District 4,,,Write-in,0,0
Dickinson,Precinct No. 11,County Board of Supervisors District 4,,,Write-in,0,0
Dickinson,Precinct No. 1,County Treasurer,,REP,Kris Rowley,139,139
Dickinson,Precinct No. 2,County Treasurer,,REP,Kris Rowley,142,142
Dickinson,Precinct No. 3,County Treasurer,,REP,Kris Rowley,143,143
Dickinson,Precinct No. 4,County Treasurer,,REP,Kris Rowley,41,41
Dickinson,Precinct No. 5,County Treasurer,,REP,Kris Rowley,162,162
Dickinson,Precinct No. 6-Precinct No. 7,County Treasurer,,REP,Kris Rowley,94,94
Dickinson,Precinct No. 8,County Treasurer,,REP,Kris Rowley,206,206
Dickinson,Precinct No. 9,County Treasurer,,REP,Kris Rowley,14,14
Dickinson,Precinct No. 10,County Treasurer,,REP,Kris Rowley,83,83
Dickinson,Precinct No. 11,County Treasurer,,REP,Kris Rowley,173,173
Dickinson,Precinct No. 12,County Treasurer,,REP,Kris Rowley,98,98
Dickinson,Precinct No. 13,County Treasurer,,REP,Kris Rowley,140,140
Dickinson,Precinct No. 14,County Treasurer,,REP,Kris Rowley,62,62
Dickinson,Precinct No. 15,County Treasurer,,REP,Kris Rowley,245,245
Dickinson,Precinct No. 1,County Treasurer,,,Write-in,0,0
Dickinson,Precinct No. 2,County Treasurer,,,Write-in,0,0
Dickinson,Precinct No. 3,County Treasurer,,,Write-in,0,0
Dickinson,Precinct No. 4,County Treasurer,,,Write-in,0,0
Dickinson,Precinct No. 5,County Treasurer,,,Write-in,0,0
Dickinson,Precinct No. 6-Precinct No. 7,County Treasurer,,,Write-in,0,0
Dickinson,Precinct No. 8,County Treasurer,,,Write-in,0,0
Dickinson,Precinct No. 9,County Treasurer,,,Write-in,0,0
Dickinson,Precinct No. 10,County Treasurer,,,Write-in,0,0
Dickinson,Precinct No. 11,County Treasurer,,,Write-in,0,0
Dickinson,Precinct No. 12,County Treasurer,,,Write-in,0,0
Dickinson,Precinct No. 13,County Treasurer,,,Write-in,0,0
Dickinson,Precinct No. 14,County Treasurer,,,Write-in,0,0
Dickinson,Precinct No. 15,County Treasurer,,,Write-in,0,0
Dickinson,Precinct No. 1,County Recorder,,REP,Ann Ditsworth,84,84
Dickinson,Precinct No. 2,County Recorder,,REP,Ann Ditsworth,97,97
Dickinson,Precinct No. 3,County Recorder,,REP,Ann Ditsworth,97,97
Dickinson,Precinct No. 4,County Recorder,,REP,Ann Ditsworth,24,24
Dickinson,Precinct No. 5,County Recorder,,REP,Ann Ditsworth,130,130
Dickinson,Precinct No. 6-Precinct No. 7,County Recorder,,REP,Ann Ditsworth,59,59
Dickinson,Precinct No. 8,County Recorder,,REP,Ann Ditsworth,154,154
Dickinson,Precinct No. 9,County Recorder,,REP,Ann Ditsworth,14,14
Dickinson,Precinct No. 10,County Recorder,,REP,Ann Ditsworth,63,63
Dickinson,Precinct No. 11,County Recorder,,REP,Ann Ditsworth,116,116
Dickinson,Precinct No. 12,County Recorder,,REP,Ann Ditsworth,61,61
Dickinson,Precinct No. 13,County Recorder,,REP,Ann Ditsworth,55,55
Dickinson,Precinct No. 14,County Recorder,,REP,Ann Ditsworth,39,39
Dickinson,Precinct No. 15,County Recorder,,REP,Ann Ditsworth,107,107
Dickinson,Precinct No. 1,County Recorder,,REP,Kristin Wetzeler,63,63
Dickinson,Precinct No. 2,County Recorder,,REP,Kristin Wetzeler,61,61
Dickinson,Precinct No. 3,County Recorder,,REP,Kristin Wetzeler,54,54
Dickinson,Precinct No. 4,County Recorder,,REP,Kristin Wetzeler,19,19
Dickinson,Precinct No. 5,County Recorder,,REP,Kristin Wetzeler,36,36
Dickinson,Precinct No. 6-Precinct No. 7,County Recorder,,REP,Kristin Wetzeler,40,40
Dickinson,Precinct No. 8,County Recorder,,REP,Kristin Wetzeler,61,61
Dickinson,Precinct No. 9,County Recorder,,REP,Kristin Wetzeler,4,4
Dickinson,Precinct No. 10,County Recorder,,REP,Kristin Wetzeler,23,23
Dickinson,Precinct No. 11,County Recorder,,REP,Kristin Wetzeler,59,59
Dickinson,Precinct No. 12,County Recorder,,REP,Kristin Wetzeler,40,40
Dickinson,Precinct No. 13,County Recorder,,REP,Kristin Wetzeler,96,96
Dickinson,Precinct No. 14,County Recorder,,REP,Kristin Wetzeler,35,35
Dickinson,Precinct No. 15,County Recorder,,REP,Kristin Wetzeler,157,157
Dickinson,Precinct No. 1,County Recorder,,,Write-in,0,0
Dickinson,Precinct No. 2,County Recorder,,,Write-in,0,0
Dickinson,Precinct No. 3,County Recorder,,,Write-in,0,0
Dickinson,Precinct No. 4,County Recorder,,,Write-in,0,0
Dickinson,Precinct No. 5,County Recorder,,,Write-in,0,0
Dickinson,Precinct No. 6-Precinct No. 7,County Recorder,,,Write-in,0,0
Dickinson,Precinct No. 8,County Recorder,,,Write-in,0,0
Dickinson,Precinct No. 9,County Recorder,,,Write-in,0,0
Dickinson,Precinct No. 10,County Recorder,,,Write-in,1,1
Dickinson,Precinct No. 11,County Recorder,,,Write-in,0,0
Dickinson,Precinct No. 12,County Recorder,,,Write-in,0,0
Dickinson,Precinct No. 13,County Recorder,,,Write-in,0,0
Dickinson,Precinct No. 14,County Recorder,,,Write-in,0,0
Dickinson,Precinct No. 15,County Recorder,,,Write-in,1,1
Dickinson,Precinct No. 1,County Attorney,,REP,Jon Martin,148,148
Dickinson,Precinct No. 2,County Attorney,,REP,Jon Martin,133,133
Dickinson,Precinct No. 3,County Attorney,,REP,Jon Martin,139,139
Dickinson,Precinct No. 4,County Attorney,,REP,Jon Martin,36,36
Dickinson,Precinct No. 5,County Attorney,,REP,Jon Martin,153,153
Dickinson,Precinct No. 6-Precinct No. 7,County Attorney,,REP,Jon Martin,88,88
Dickinson,Precinct No. 8,County Attorney,,REP,Jon Martin,197,197
Dickinson,Precinct No. 9,County Attorney,,REP,Jon Martin,12,12
Dickinson,Precinct No. 10,County Attorney,,REP,Jon Martin,75,75
Dickinson,Precinct No. 11,County Attorney,,REP,Jon Martin,154,154
Dickinson,Precinct No. 12,County Attorney,,REP,Jon Martin,87,87
Dickinson,Precinct No. 13,County Attorney,,REP,Jon Martin,129,129
Dickinson,Precinct No. 14,County Attorney,,REP,Jon Martin,67,67
Dickinson,Precinct No. 15,County Attorney,,REP,Jon Martin,223,223
Dickinson,Precinct No. 1,County Attorney,,,Write-in,0,0
Dickinson,Precinct No. 2,County Attorney,,,Write-in,0,0
Dickinson,Precinct No. 3,County Attorney,,,Write-in,0,0
Dickinson,Precinct No. 4,County Attorney,,,Write-in,0,0
Dickinson,Precinct No. 5,County Attorney,,,Write-in,0,0
Dickinson,Precinct No. 6-Precinct No. 7,County Attorney,,,Write-in,0,0
Dickinson,Precinct No. 8,County Attorney,,,Write-in,0,0
Dickinson,Precinct No. 9,County Attorney,,,Write-in,0,0
Dickinson,Precinct No. 10,County Attorney,,,Write-in,0,0
Dickinson,Precinct No. 11,County Attorney,,,Write-in,0,0
Dickinson,Precinct No. 12,County Attorney,,,Write-in,0,0
Dickinson,Precinct No. 13,County Attorney,,,Write-in,0,0
Dickinson,Precinct No. 14,County Attorney,,,Write-in,0,0
Dickinson,Precinct No. 15,County Attorney,,,Write-in,0,0
