office,candidate,party,county,votes
President,Gore / Lieberman,Democratic,Adair,1753
President,Bush / Cheney,Republican,Adair,2275
President,Browne / Olivier,Libertarian Party of Iowa,Adair,4
President,Nader / Laduke,Iowa Green Party,Adair,66
President,Buchanan / Foster,Reform Party,Adair,14
President,Harris / Trowe,Socialist Workers,Adair,0
President,Phillips / Frazier,Constitution,Adair,3
President,McReynolds / Hollis,Socialist Party USA,Adair,1
President,Hagelin / Goldhaber,Nominated by Petition,Adair,5
President,Scattering,,Adair,2
President,Totals,,Adair,4123
President,Gore / Lieberman,Democratic,Adams,897
President,Bush / Cheney,Republican,Adams,1170
President,Browne / Olivier,Libertarian Party of Iowa,Adams,4
President,Nader / Laduke,Iowa Green Party,Adams,51
President,Buchanan / Foster,Reform Party,Adams,16
President,Harris / Trowe,Socialist Workers,Adams,1
President,Phillips / Frazier,Constitution,Adams,0
President,McReynolds / Hollis,Socialist Party USA,Adams,1
President,Hagelin / Goldhaber,Nominated by Petition,Adams,3
President,Scattering,,Adams,2
President,Totals,,Adams,2145
President,Gore / Lieberman,Democratic,Allamakee,2883
President,Bush / Cheney,Republican,Allamakee,3277
President,Browne / Olivier,Libertarian Party of Iowa,Allamakee,13
President,Nader / Laduke,Iowa Green Party,Allamakee,199
President,Buchanan / Foster,Reform Party,Allamakee,68
President,Harris / Trowe,Socialist Workers,Allamakee,2
President,Phillips / Frazier,Constitution,Allamakee,4
President,McReynolds / Hollis,Socialist Party USA,Allamakee,1
President,Hagelin / Goldhaber,Nominated by Petition,Allamakee,8
President,Scattering,,Allamakee,7
President,Totals,,Allamakee,6462
President,Gore / Lieberman,Democratic,Appanoose,2560
President,Bush / Cheney,Republican,Appanoose,2992
President,Browne / Olivier,Libertarian Party of Iowa,Appanoose,15
President,Nader / Laduke,Iowa Green Party,Appanoose,105
President,Buchanan / Foster,Reform Party,Appanoose,18
President,Harris / Trowe,Socialist Workers,Appanoose,2
President,Phillips / Frazier,Constitution,Appanoose,7
President,McReynolds / Hollis,Socialist Party USA,Appanoose,0
President,Hagelin / Goldhaber,Nominated by Petition,Appanoose,3
President,Scattering,,Appanoose,2
President,Totals,,Appanoose,5704
President,Gore / Lieberman,Democratic,Audubon,1780
President,Bush / Cheney,Republican,Audubon,1909
President,Browne / Olivier,Libertarian Party of Iowa,Audubon,6
President,Nader / Laduke,Iowa Green Party,Audubon,56
President,Buchanan / Foster,Reform Party,Audubon,23
President,Harris / Trowe,Socialist Workers,Audubon,0
President,Phillips / Frazier,Constitution,Audubon,2
President,McReynolds / Hollis,Socialist Party USA,Audubon,0
President,Hagelin / Goldhaber,Nominated by Petition,Audubon,3
President,Scattering,,Audubon,5
President,Totals,,Audubon,3784
President,Gore / Lieberman,Democratic,Benton,5915
President,Bush / Cheney,Republican,Benton,5468
President,Browne / Olivier,Libertarian Party of Iowa,Benton,25
President,Nader / Laduke,Iowa Green Party,Benton,231
President,Buchanan / Foster,Reform Party,Benton,95
President,Harris / Trowe,Socialist Workers,Benton,2
President,Phillips / Frazier,Constitution,Benton,3
President,McReynolds / Hollis,Socialist Party USA,Benton,2
President,Hagelin / Goldhaber,Nominated by Petition,Benton,13
President,Scattering,,Benton,12
President,Totals,,Benton,11766
President,Gore / Lieberman,Democratic,Black Hawk,30112
President,Bush / Cheney,Republican,Black Hawk,23468
President,Browne / Olivier,Libertarian Party of Iowa,Black Hawk,107
President,Nader / Laduke,Iowa Green Party,Black Hawk,1132
President,Buchanan / Foster,Reform Party,Black Hawk,163
President,Harris / Trowe,Socialist Workers,Black Hawk,2
President,Phillips / Frazier,Constitution,Black Hawk,19
President,McReynolds / Hollis,Socialist Party USA,Black Hawk,0
President,Hagelin / Goldhaber,Nominated by Petition,Black Hawk,21
President,Scattering,,Black Hawk,61
President,Totals,,Black Hawk,55085
President,Gore / Lieberman,Democratic,Boone,6270
President,Bush / Cheney,Republican,Boone,5625
President,Browne / Olivier,Libertarian Party of Iowa,Boone,15
President,Nader / Laduke,Iowa Green Party,Boone,252
President,Buchanan / Foster,Reform Party,Boone,46
President,Harris / Trowe,Socialist Workers,Boone,1
President,Phillips / Frazier,Constitution,Boone,14
President,McReynolds / Hollis,Socialist Party USA,Boone,0
President,Hagelin / Goldhaber,Nominated by Petition,Boone,9
President,Scattering,,Boone,17
President,Totals,,Boone,12249
President,Gore / Lieberman,Democratic,Bremer,5169
President,Bush / Cheney,Republican,Bremer,5675
President,Browne / Olivier,Libertarian Party of Iowa,Bremer,17
President,Nader / Laduke,Iowa Green Party,Bremer,260
President,Buchanan / Foster,Reform Party,Bremer,28
President,Harris / Trowe,Socialist Workers,Bremer,0
President,Phillips / Frazier,Constitution,Bremer,3
President,McReynolds / Hollis,Socialist Party USA,Bremer,2
President,Hagelin / Goldhaber,Nominated by Petition,Bremer,7
President,Scattering,,Bremer,14
President,Totals,,Bremer,11175
President,Gore / Lieberman,Democratic,Buchanan,5045
President,Bush / Cheney,Republican,Buchanan,4092
President,Browne / Olivier,Libertarian Party of Iowa,Buchanan,19
President,Nader / Laduke,Iowa Green Party,Buchanan,171
President,Buchanan / Foster,Reform Party,Buchanan,52
President,Harris / Trowe,Socialist Workers,Buchanan,3
President,Phillips / Frazier,Constitution,Buchanan,7
President,McReynolds / Hollis,Socialist Party USA,Buchanan,2
President,Hagelin / Goldhaber,Nominated by Petition,Buchanan,11
President,Scattering,,Buchanan,8
President,Totals,,Buchanan,9410
President,Gore / Lieberman,Democratic,Buena Vista,3297
President,Bush / Cheney,Republican,Buena Vista,4354
President,Browne / Olivier,Libertarian Party of Iowa,Buena Vista,15
President,Nader / Laduke,Iowa Green Party,Buena Vista,227
President,Buchanan / Foster,Reform Party,Buena Vista,59
President,Harris / Trowe,Socialist Workers,Buena Vista,5
President,Phillips / Frazier,Constitution,Buena Vista,8
President,McReynolds / Hollis,Socialist Party USA,Buena Vista,1
President,Hagelin / Goldhaber,Nominated by Petition,Buena Vista,7
President,Scattering,,Buena Vista,4
President,Totals,,Buena Vista,7977
President,Gore / Lieberman,Democratic,Butler,2735
President,Bush / Cheney,Republican,Butler,3837
President,Browne / Olivier,Libertarian Party of Iowa,Butler,11
President,Nader / Laduke,Iowa Green Party,Butler,113
President,Buchanan / Foster,Reform Party,Butler,12
President,Harris / Trowe,Socialist Workers,Butler,2
President,Phillips / Frazier,Constitution,Butler,1
President,McReynolds / Hollis,Socialist Party USA,Butler,0
President,Hagelin / Goldhaber,Nominated by Petition,Butler,9
President,Scattering,,Butler,4
President,Totals,,Butler,6724
President,Gore / Lieberman,Democratic,Calhoun,2132
President,Bush / Cheney,Republican,Calhoun,2776
President,Browne / Olivier,Libertarian Party of Iowa,Calhoun,12
President,Nader / Laduke,Iowa Green Party,Calhoun,93
President,Buchanan / Foster,Reform Party,Calhoun,18
President,Harris / Trowe,Socialist Workers,Calhoun,0
President,Phillips / Frazier,Constitution,Calhoun,6
President,McReynolds / Hollis,Socialist Party USA,Calhoun,0
President,Hagelin / Goldhaber,Nominated by Petition,Calhoun,2
President,Scattering,,Calhoun,2
President,Totals,,Calhoun,5041
President,Gore / Lieberman,Democratic,Carroll,4463
President,Bush / Cheney,Republican,Carroll,4879
President,Browne / Olivier,Libertarian Party of Iowa,Carroll,11
President,Nader / Laduke,Iowa Green Party,Carroll,146
President,Buchanan / Foster,Reform Party,Carroll,46
President,Harris / Trowe,Socialist Workers,Carroll,0
President,Phillips / Frazier,Constitution,Carroll,5
President,McReynolds / Hollis,Socialist Party USA,Carroll,1
President,Hagelin / Goldhaber,Nominated by Petition,Carroll,9
President,Scattering,,Carroll,8
President,Totals,,Carroll,9568
President,Gore / Lieberman,Democratic,Cass,2481
President,Bush / Cheney,Republican,Cass,4206
President,Browne / Olivier,Libertarian Party of Iowa,Cass,9
President,Nader / Laduke,Iowa Green Party,Cass,147
President,Buchanan / Foster,Reform Party,Cass,22
President,Harris / Trowe,Socialist Workers,Cass,1
President,Phillips / Frazier,Constitution,Cass,1
President,McReynolds / Hollis,Socialist Party USA,Cass,0
President,Hagelin / Goldhaber,Nominated by Petition,Cass,5
President,Scattering,,Cass,8
President,Totals,,Cass,6880
President,Gore / Lieberman,Democratic,Cedar,4033
President,Bush / Cheney,Republican,Cedar,4031
President,Browne / Olivier,Libertarian Party of Iowa,Cedar,16
President,Nader / Laduke,Iowa Green Party,Cedar,212
President,Buchanan / Foster,Reform Party,Cedar,32
President,Harris / Trowe,Socialist Workers,Cedar,0
President,Phillips / Frazier,Constitution,Cedar,0
President,McReynolds / Hollis,Socialist Party USA,Cedar,0
President,Hagelin / Goldhaber,Nominated by Petition,Cedar,11
President,Scattering,,Cedar,9
President,Totals,,Cedar,8344
President,Gore / Lieberman,Democratic,Cerro Gordo,12185
President,Bush / Cheney,Republican,Cerro Gordo,9397
President,Browne / Olivier,Libertarian Party of Iowa,Cerro Gordo,42
President,Nader / Laduke,Iowa Green Party,Cerro Gordo,408
President,Buchanan / Foster,Reform Party,Cerro Gordo,77
President,Harris / Trowe,Socialist Workers,Cerro Gordo,4
President,Phillips / Frazier,Constitution,Cerro Gordo,4
President,McReynolds / Hollis,Socialist Party USA,Cerro Gordo,2
President,Hagelin / Goldhaber,Nominated by Petition,Cerro Gordo,23
President,Scattering,,Cerro Gordo,20
President,Totals,,Cerro Gordo,22162
President,Gore / Lieberman,Democratic,Cherokee,2845
President,Bush / Cheney,Republican,Cherokee,3463
President,Browne / Olivier,Libertarian Party of Iowa,Cherokee,10
President,Nader / Laduke,Iowa Green Party,Cherokee,160
President,Buchanan / Foster,Reform Party,Cherokee,83
President,Harris / Trowe,Socialist Workers,Cherokee,1
President,Phillips / Frazier,Constitution,Cherokee,7
President,McReynolds / Hollis,Socialist Party USA,Cherokee,2
President,Hagelin / Goldhaber,Nominated by Petition,Cherokee,12
President,Scattering,,Cherokee,9
President,Totals,,Cherokee,6592
President,Gore / Lieberman,Democratic,Chickasaw,3435
President,Bush / Cheney,Republican,Chickasaw,2936
President,Browne / Olivier,Libertarian Party of Iowa,Chickasaw,8
President,Nader / Laduke,Iowa Green Party,Chickasaw,145
President,Buchanan / Foster,Reform Party,Chickasaw,40
President,Harris / Trowe,Socialist Workers,Chickasaw,1
President,Phillips / Frazier,Constitution,Chickasaw,3
President,McReynolds / Hollis,Socialist Party USA,Chickasaw,0
President,Hagelin / Goldhaber,Nominated by Petition,Chickasaw,13
President,Scattering,,Chickasaw,3
President,Totals,,Chickasaw,6584
President,Gore / Lieberman,Democratic,Clarke,2081
President,Bush / Cheney,Republican,Clarke,1984
President,Browne / Olivier,Libertarian Party of Iowa,Clarke,6
President,Nader / Laduke,Iowa Green Party,Clarke,75
President,Buchanan / Foster,Reform Party,Clarke,22
President,Harris / Trowe,Socialist Workers,Clarke,0
President,Phillips / Frazier,Constitution,Clarke,2
President,McReynolds / Hollis,Socialist Party USA,Clarke,1
President,Hagelin / Goldhaber,Nominated by Petition,Clarke,2
President,Scattering,,Clarke,3
President,Totals,,Clarke,4176
President,Gore / Lieberman,Democratic,Clay,3294
President,Bush / Cheney,Republican,Clay,3992
President,Browne / Olivier,Libertarian Party of Iowa,Clay,20
President,Nader / Laduke,Iowa Green Party,Clay,166
President,Buchanan / Foster,Reform Party,Clay,51
President,Harris / Trowe,Socialist Workers,Clay,7
President,Phillips / Frazier,Constitution,Clay,4
President,McReynolds / Hollis,Socialist Party USA,Clay,2
President,Hagelin / Goldhaber,Nominated by Petition,Clay,33
President,Scattering,,Clay,9
President,Totals,,Clay,7578
President,Gore / Lieberman,Democratic,Clayton,4238
President,Bush / Cheney,Republican,Clayton,4034
President,Browne / Olivier,Libertarian Party of Iowa,Clayton,18
President,Nader / Laduke,Iowa Green Party,Clayton,206
President,Buchanan / Foster,Reform Party,Clayton,58
President,Harris / Trowe,Socialist Workers,Clayton,1
President,Phillips / Frazier,Constitution,Clayton,2
President,McReynolds / Hollis,Socialist Party USA,Clayton,0
President,Hagelin / Goldhaber,Nominated by Petition,Clayton,11
President,Scattering,,Clayton,3
President,Totals,,Clayton,8571
President,Gore / Lieberman,Democratic,Clinton,12276
President,Bush / Cheney,Republican,Clinton,9229
President,Browne / Olivier,Libertarian Party of Iowa,Clinton,65
President,Nader / Laduke,Iowa Green Party,Clinton,471
President,Buchanan / Foster,Reform Party,Clinton,113
President,Harris / Trowe,Socialist Workers,Clinton,0
President,Phillips / Frazier,Constitution,Clinton,4
President,McReynolds / Hollis,Socialist Party USA,Clinton,1
President,Hagelin / Goldhaber,Nominated by Petition,Clinton,17
President,Scattering,,Clinton,4
President,Totals,,Clinton,22180
President,Gore / Lieberman,Democratic,Crawford,2838
President,Bush / Cheney,Republican,Crawford,3482
President,Browne / Olivier,Libertarian Party of Iowa,Crawford,26
President,Nader / Laduke,Iowa Green Party,Crawford,146
President,Buchanan / Foster,Reform Party,Crawford,53
President,Harris / Trowe,Socialist Workers,Crawford,0
President,Phillips / Frazier,Constitution,Crawford,4
President,McReynolds / Hollis,Socialist Party USA,Crawford,0
President,Hagelin / Goldhaber,Nominated by Petition,Crawford,6
President,Scattering,,Crawford,0
President,Totals,,Crawford,6555
President,Gore / Lieberman,Democratic,Dallas,8561
President,Bush / Cheney,Republican,Dallas,10306
President,Browne / Olivier,Libertarian Party of Iowa,Dallas,29
President,Nader / Laduke,Iowa Green Party,Dallas,320
President,Buchanan / Foster,Reform Party,Dallas,63
President,Harris / Trowe,Socialist Workers,Dallas,4
President,Phillips / Frazier,Constitution,Dallas,8
President,McReynolds / Hollis,Socialist Party USA,Dallas,0
President,Hagelin / Goldhaber,Nominated by Petition,Dallas,13
President,Scattering,,Dallas,26
President,Totals,,Dallas,19330
President,Gore / Lieberman,Democratic,Davis,1691
President,Bush / Cheney,Republican,Davis,1956
President,Browne / Olivier,Libertarian Party of Iowa,Davis,8
President,Nader / Laduke,Iowa Green Party,Davis,67
President,Buchanan / Foster,Reform Party,Davis,19
President,Harris / Trowe,Socialist Workers,Davis,0
President,Phillips / Frazier,Constitution,Davis,8
President,McReynolds / Hollis,Socialist Party USA,Davis,0
President,Hagelin / Goldhaber,Nominated by Petition,Davis,6
President,Scattering,,Davis,3
President,Totals,,Davis,3758
President,Gore / Lieberman,Democratic,Decatur,1674
President,Bush / Cheney,Republican,Decatur,1903
President,Browne / Olivier,Libertarian Party of Iowa,Decatur,13
President,Nader / Laduke,Iowa Green Party,Decatur,94
President,Buchanan / Foster,Reform Party,Decatur,13
President,Harris / Trowe,Socialist Workers,Decatur,0
President,Phillips / Frazier,Constitution,Decatur,4
President,McReynolds / Hollis,Socialist Party USA,Decatur,0
President,Hagelin / Goldhaber,Nominated by Petition,Decatur,8
President,Scattering,,Decatur,0
President,Totals,,Decatur,3709
President,Gore / Lieberman,Democratic,Delaware,3808
President,Bush / Cheney,Republican,Delaware,4273
President,Browne / Olivier,Libertarian Party of Iowa,Delaware,50
President,Nader / Laduke,Iowa Green Party,Delaware,161
President,Buchanan / Foster,Reform Party,Delaware,44
President,Harris / Trowe,Socialist Workers,Delaware,2
President,Phillips / Frazier,Constitution,Delaware,1
President,McReynolds / Hollis,Socialist Party USA,Delaware,0
President,Hagelin / Goldhaber,Nominated by Petition,Delaware,8
President,Scattering,,Delaware,2
President,Totals,,Delaware,8349
President,Gore / Lieberman,Democratic,Des Moines,11351
President,Bush / Cheney,Republican,Des Moines,7385
President,Browne / Olivier,Libertarian Party of Iowa,Des Moines,50
President,Nader / Laduke,Iowa Green Party,Des Moines,409
President,Buchanan / Foster,Reform Party,Des Moines,121
President,Harris / Trowe,Socialist Workers,Des Moines,3
President,Phillips / Frazier,Constitution,Des Moines,8
President,McReynolds / Hollis,Socialist Party USA,Des Moines,1
President,Hagelin / Goldhaber,Nominated by Petition,Des Moines,20
President,Scattering,,Des Moines,17
President,Totals,,Des Moines,19365
President,Gore / Lieberman,Democratic,Dickinson,3660
President,Bush / Cheney,Republican,Dickinson,4225
President,Browne / Olivier,Libertarian Party of Iowa,Dickinson,14
President,Nader / Laduke,Iowa Green Party,Dickinson,169
President,Buchanan / Foster,Reform Party,Dickinson,35
President,Harris / Trowe,Socialist Workers,Dickinson,2
President,Phillips / Frazier,Constitution,Dickinson,1
President,McReynolds / Hollis,Socialist Party USA,Dickinson,0
President,Hagelin / Goldhaber,Nominated by Petition,Dickinson,3
President,Scattering,,Dickinson,12
President,Totals,,Dickinson,8121
President,Gore / Lieberman,Democratic,Dubuque,22341
President,Bush / Cheney,Republican,Dubuque,16462
President,Browne / Olivier,Libertarian Party of Iowa,Dubuque,154
President,Nader / Laduke,Iowa Green Party,Dubuque,987
President,Buchanan / Foster,Reform Party,Dubuque,298
President,Harris / Trowe,Socialist Workers,Dubuque,6
President,Phillips / Frazier,Constitution,Dubuque,14
President,McReynolds / Hollis,Socialist Party USA,Dubuque,3
President,Hagelin / Goldhaber,Nominated by Petition,Dubuque,35
President,Scattering,,Dubuque,23
President,Totals,,Dubuque,40323
President,Gore / Lieberman,Democratic,Emmet,2165
President,Bush / Cheney,Republican,Emmet,2331
President,Browne / Olivier,Libertarian Party of Iowa,Emmet,7
President,Nader / Laduke,Iowa Green Party,Emmet,98
President,Buchanan / Foster,Reform Party,Emmet,19
President,Harris / Trowe,Socialist Workers,Emmet,1
President,Phillips / Frazier,Constitution,Emmet,1
President,McReynolds / Hollis,Socialist Party USA,Emmet,0
President,Hagelin / Goldhaber,Nominated by Petition,Emmet,4
President,Scattering,,Emmet,4
President,Totals,,Emmet,4630
President,Gore / Lieberman,Democratic,Fayette,4640
President,Bush / Cheney,Republican,Fayette,4747
President,Browne / Olivier,Libertarian Party of Iowa,Fayette,17
President,Nader / Laduke,Iowa Green Party,Fayette,174
President,Buchanan / Foster,Reform Party,Fayette,28
President,Harris / Trowe,Socialist Workers,Fayette,1
President,Phillips / Frazier,Constitution,Fayette,3
President,McReynolds / Hollis,Socialist Party USA,Fayette,1
President,Hagelin / Goldhaber,Nominated by Petition,Fayette,7
President,Scattering,,Fayette,3
President,Totals,,Fayette,9621
President,Gore / Lieberman,Democratic,Floyd,3830
President,Bush / Cheney,Republican,Floyd,3191
President,Browne / Olivier,Libertarian Party of Iowa,Floyd,15
President,Nader / Laduke,Iowa Green Party,Floyd,154
President,Buchanan / Foster,Reform Party,Floyd,33
President,Harris / Trowe,Socialist Workers,Floyd,0
President,Phillips / Frazier,Constitution,Floyd,2
President,McReynolds / Hollis,Socialist Party USA,Floyd,0
President,Hagelin / Goldhaber,Nominated by Petition,Floyd,7
President,Scattering,,Floyd,6
President,Totals,,Floyd,7238
President,Gore / Lieberman,Democratic,Franklin,2122
President,Bush / Cheney,Republican,Franklin,2657
President,Browne / Olivier,Libertarian Party of Iowa,Franklin,17
President,Nader / Laduke,Iowa Green Party,Franklin,110
President,Buchanan / Foster,Reform Party,Franklin,16
President,Harris / Trowe,Socialist Workers,Franklin,1
President,Phillips / Frazier,Constitution,Franklin,3
President,McReynolds / Hollis,Socialist Party USA,Franklin,0
President,Hagelin / Goldhaber,Nominated by Petition,Franklin,8
President,Scattering,,Franklin,4
President,Totals,,Franklin,4938
President,Gore / Lieberman,Democratic,Fremont,1459
President,Bush / Cheney,Republican,Fremont,2069
President,Browne / Olivier,Libertarian Party of Iowa,Fremont,6
President,Nader / Laduke,Iowa Green Party,Fremont,63
President,Buchanan / Foster,Reform Party,Fremont,9
President,Harris / Trowe,Socialist Workers,Fremont,1
President,Phillips / Frazier,Constitution,Fremont,3
President,McReynolds / Hollis,Socialist Party USA,Fremont,0
President,Hagelin / Goldhaber,Nominated by Petition,Fremont,3
President,Scattering,,Fremont,3
President,Totals,,Fremont,3616
President,Gore / Lieberman,Democratic,Greene,2301
President,Bush / Cheney,Republican,Greene,2282
President,Browne / Olivier,Libertarian Party of Iowa,Greene,7
President,Nader / Laduke,Iowa Green Party,Greene,106
President,Buchanan / Foster,Reform Party,Greene,16
President,Harris / Trowe,Socialist Workers,Greene,1
President,Phillips / Frazier,Constitution,Greene,2
President,McReynolds / Hollis,Socialist Party USA,Greene,0
President,Hagelin / Goldhaber,Nominated by Petition,Greene,4
President,Scattering,,Greene,0
President,Totals,,Greene,4719
President,Gore / Lieberman,Democratic,Grundy,2139
President,Bush / Cheney,Republican,Grundy,3851
President,Browne / Olivier,Libertarian Party of Iowa,Grundy,14
President,Nader / Laduke,Iowa Green Party,Grundy,70
President,Buchanan / Foster,Reform Party,Grundy,16
President,Harris / Trowe,Socialist Workers,Grundy,1
President,Phillips / Frazier,Constitution,Grundy,7
President,McReynolds / Hollis,Socialist Party USA,Grundy,0
President,Hagelin / Goldhaber,Nominated by Petition,Grundy,3
President,Scattering,,Grundy,10
President,Totals,,Grundy,6111
President,Gore / Lieberman,Democratic,Guthrie,2493
President,Bush / Cheney,Republican,Guthrie,2840
President,Browne / Olivier,Libertarian Party of Iowa,Guthrie,17
President,Nader / Laduke,Iowa Green Party,Guthrie,86
President,Buchanan / Foster,Reform Party,Guthrie,21
President,Harris / Trowe,Socialist Workers,Guthrie,0
President,Phillips / Frazier,Constitution,Guthrie,3
President,McReynolds / Hollis,Socialist Party USA,Guthrie,1
President,Hagelin / Goldhaber,Nominated by Petition,Guthrie,5
President,Scattering,,Guthrie,3
President,Totals,,Guthrie,5469
President,Gore / Lieberman,Democratic,Hamilton,3407
President,Bush / Cheney,Republican,Hamilton,3968
President,Browne / Olivier,Libertarian Party of Iowa,Hamilton,16
President,Nader / Laduke,Iowa Green Party,Hamilton,141
President,Buchanan / Foster,Reform Party,Hamilton,28
President,Harris / Trowe,Socialist Workers,Hamilton,1
President,Phillips / Frazier,Constitution,Hamilton,6
President,McReynolds / Hollis,Socialist Party USA,Hamilton,1
President,Hagelin / Goldhaber,Nominated by Petition,Hamilton,1
President,Scattering,,Hamilton,5
President,Totals,,Hamilton,7574
President,Gore / Lieberman,Democratic,Hancock,2281
President,Bush / Cheney,Republican,Hancock,2988
President,Browne / Olivier,Libertarian Party of Iowa,Hancock,6
President,Nader / Laduke,Iowa Green Party,Hancock,123
President,Buchanan / Foster,Reform Party,Hancock,23
President,Harris / Trowe,Socialist Workers,Hancock,0
President,Phillips / Frazier,Constitution,Hancock,5
President,McReynolds / Hollis,Socialist Party USA,Hancock,0
President,Hagelin / Goldhaber,Nominated by Petition,Hancock,10
President,Scattering,,Hancock,2
President,Totals,,Hancock,5438
President,Gore / Lieberman,Democratic,Hardin,3734
President,Bush / Cheney,Republican,Hardin,4486
President,Browne / Olivier,Libertarian Party of Iowa,Hardin,19
President,Nader / Laduke,Iowa Green Party,Hardin,141
President,Buchanan / Foster,Reform Party,Hardin,32
President,Harris / Trowe,Socialist Workers,Hardin,1
President,Phillips / Frazier,Constitution,Hardin,4
President,McReynolds / Hollis,Socialist Party USA,Hardin,0
President,Hagelin / Goldhaber,Nominated by Petition,Hardin,12
President,Scattering,,Hardin,6
President,Totals,,Hardin,8435
President,Gore / Lieberman,Democratic,Harrison,2551
President,Bush / Cheney,Republican,Harrison,3802
President,Browne / Olivier,Libertarian Party of Iowa,Harrison,11
President,Nader / Laduke,Iowa Green Party,Harrison,126
President,Buchanan / Foster,Reform Party,Harrison,33
President,Harris / Trowe,Socialist Workers,Harrison,0
President,Phillips / Frazier,Constitution,Harrison,6
President,McReynolds / Hollis,Socialist Party USA,Harrison,1
President,Hagelin / Goldhaber,Nominated by Petition,Harrison,7
President,Scattering,,Harrison,6
President,Totals,,Harrison,6543
President,Gore / Lieberman,Democratic,Henry,3907
President,Bush / Cheney,Republican,Henry,4476
President,Browne / Olivier,Libertarian Party of Iowa,Henry,21
President,Nader / Laduke,Iowa Green Party,Henry,183
President,Buchanan / Foster,Reform Party,Henry,46
President,Harris / Trowe,Socialist Workers,Henry,1
President,Phillips / Frazier,Constitution,Henry,1
President,McReynolds / Hollis,Socialist Party USA,Henry,1
President,Hagelin / Goldhaber,Nominated by Petition,Henry,19
President,Scattering,,Henry,16
President,Totals,,Henry,8671
President,Gore / Lieberman,Democratic,Howard,2426
President,Bush / Cheney,Republican,Howard,1922
President,Browne / Olivier,Libertarian Party of Iowa,Howard,3
President,Nader / Laduke,Iowa Green Party,Howard,100
President,Buchanan / Foster,Reform Party,Howard,31
President,Harris / Trowe,Socialist Workers,Howard,0
President,Phillips / Frazier,Constitution,Howard,1
President,McReynolds / Hollis,Socialist Party USA,Howard,0
President,Hagelin / Goldhaber,Nominated by Petition,Howard,3
President,Scattering,,Howard,5
President,Totals,,Howard,4491
President,Gore / Lieberman,Democratic,Humboldt,1949
President,Bush / Cheney,Republican,Humboldt,2846
President,Browne / Olivier,Libertarian Party of Iowa,Humboldt,13
President,Nader / Laduke,Iowa Green Party,Humboldt,100
President,Buchanan / Foster,Reform Party,Humboldt,23
President,Harris / Trowe,Socialist Workers,Humboldt,0
President,Phillips / Frazier,Constitution,Humboldt,0
President,McReynolds / Hollis,Socialist Party USA,Humboldt,0
President,Hagelin / Goldhaber,Nominated by Petition,Humboldt,3
President,Scattering,,Humboldt,6
President,Totals,,Humboldt,4940
President,Gore / Lieberman,Democratic,Ida,1411
President,Bush / Cheney,Republican,Ida,1968
President,Browne / Olivier,Libertarian Party of Iowa,Ida,16
President,Nader / Laduke,Iowa Green Party,Ida,58
President,Buchanan / Foster,Reform Party,Ida,36
President,Harris / Trowe,Socialist Workers,Ida,1
President,Phillips / Frazier,Constitution,Ida,0
President,McReynolds / Hollis,Socialist Party USA,Ida,0
President,Hagelin / Goldhaber,Nominated by Petition,Ida,1
President,Scattering,,Ida,0
President,Totals,,Ida,3491
President,Gore / Lieberman,Democratic,Iowa,3230
President,Bush / Cheney,Republican,Iowa,3894
President,Browne / Olivier,Libertarian Party of Iowa,Iowa,17
President,Nader / Laduke,Iowa Green Party,Iowa,188
President,Buchanan / Foster,Reform Party,Iowa,58
President,Harris / Trowe,Socialist Workers,Iowa,1
President,Phillips / Frazier,Constitution,Iowa,6
President,McReynolds / Hollis,Socialist Party USA,Iowa,1
President,Hagelin / Goldhaber,Nominated by Petition,Iowa,13
President,Scattering,,Iowa,5
President,Totals,,Iowa,7413
President,Gore / Lieberman,Democratic,Jackson,4945
President,Bush / Cheney,Republican,Jackson,3769
President,Browne / Olivier,Libertarian Party of Iowa,Jackson,15
President,Nader / Laduke,Iowa Green Party,Jackson,227
President,Buchanan / Foster,Reform Party,Jackson,51
President,Harris / Trowe,Socialist Workers,Jackson,1
President,Phillips / Frazier,Constitution,Jackson,4
President,McReynolds / Hollis,Socialist Party USA,Jackson,0
President,Hagelin / Goldhaber,Nominated by Petition,Jackson,6
President,Scattering,,Jackson,14
President,Totals,,Jackson,9032
President,Gore / Lieberman,Democratic,Jasper,8699
President,Bush / Cheney,Republican,Jasper,8729
President,Browne / Olivier,Libertarian Party of Iowa,Jasper,40
President,Nader / Laduke,Iowa Green Party,Jasper,267
President,Buchanan / Foster,Reform Party,Jasper,71
President,Harris / Trowe,Socialist Workers,Jasper,1
President,Phillips / Frazier,Constitution,Jasper,7
President,McReynolds / Hollis,Socialist Party USA,Jasper,1
President,Hagelin / Goldhaber,Nominated by Petition,Jasper,14
President,Scattering,,Jasper,6
President,Totals,,Jasper,17835
President,Gore / Lieberman,Democratic,Jefferson,2863
President,Bush / Cheney,Republican,Jefferson,3248
President,Browne / Olivier,Libertarian Party of Iowa,Jefferson,57
President,Nader / Laduke,Iowa Green Party,Jefferson,206
President,Buchanan / Foster,Reform Party,Jefferson,45
President,Harris / Trowe,Socialist Workers,Jefferson,1
President,Phillips / Frazier,Constitution,Jefferson,5
President,McReynolds / Hollis,Socialist Party USA,Jefferson,0
President,Hagelin / Goldhaber,Nominated by Petition,Jefferson,1109
President,Scattering,,Jefferson,14
President,Totals,,Jefferson,7548
President,Gore / Lieberman,Democratic,Johnson,31174
President,Bush / Cheney,Republican,Johnson,17899
President,Browne / Olivier,Libertarian Party of Iowa,Johnson,205
President,Nader / Laduke,Iowa Green Party,Johnson,3248
President,Buchanan / Foster,Reform Party,Johnson,103
President,Harris / Trowe,Socialist Workers,Johnson,5
President,Phillips / Frazier,Constitution,Johnson,14
President,McReynolds / Hollis,Socialist Party USA,Johnson,10
President,Hagelin / Goldhaber,Nominated by Petition,Johnson,50
President,Scattering,,Johnson,61
President,Totals,,Johnson,52769
President,Gore / Lieberman,Democratic,Jones,4690
President,Bush / Cheney,Republican,Jones,4201
President,Browne / Olivier,Libertarian Party of Iowa,Jones,10
President,Nader / Laduke,Iowa Green Party,Jones,195
President,Buchanan / Foster,Reform Party,Jones,28
President,Harris / Trowe,Socialist Workers,Jones,0
President,Phillips / Frazier,Constitution,Jones,3
President,McReynolds / Hollis,Socialist Party USA,Jones,0
President,Hagelin / Goldhaber,Nominated by Petition,Jones,8
President,Scattering,,Jones,8
President,Totals,,Jones,9143
President,Gore / Lieberman,Democratic,Keokuk,2181
President,Bush / Cheney,Republican,Keokuk,2571
President,Browne / Olivier,Libertarian Party of Iowa,Keokuk,58
President,Nader / Laduke,Iowa Green Party,Keokuk,99
President,Buchanan / Foster,Reform Party,Keokuk,24
President,Harris / Trowe,Socialist Workers,Keokuk,4
President,Phillips / Frazier,Constitution,Keokuk,1
President,McReynolds / Hollis,Socialist Party USA,Keokuk,3
President,Hagelin / Goldhaber,Nominated by Petition,Keokuk,4
President,Scattering,,Keokuk,2
President,Totals,,Keokuk,4947
President,Gore / Lieberman,Democratic,Kossuth,3960
President,Bush / Cheney,Republican,Kossuth,4612
President,Browne / Olivier,Libertarian Party of Iowa,Kossuth,23
President,Nader / Laduke,Iowa Green Party,Kossuth,206
President,Buchanan / Foster,Reform Party,Kossuth,42
President,Harris / Trowe,Socialist Workers,Kossuth,2
President,Phillips / Frazier,Constitution,Kossuth,1
President,McReynolds / Hollis,Socialist Party USA,Kossuth,0
President,Hagelin / Goldhaber,Nominated by Petition,Kossuth,16
President,Scattering,,Kossuth,16
President,Totals,,Kossuth,8878
President,Gore / Lieberman,Democratic,Lee,9632
President,Bush / Cheney,Republican,Lee,6339
President,Browne / Olivier,Libertarian Party of Iowa,Lee,149
President,Nader / Laduke,Iowa Green Party,Lee,325
President,Buchanan / Foster,Reform Party,Lee,81
President,Harris / Trowe,Socialist Workers,Lee,2
President,Phillips / Frazier,Constitution,Lee,3
President,McReynolds / Hollis,Socialist Party USA,Lee,5
President,Hagelin / Goldhaber,Nominated by Petition,Lee,19
President,Scattering,,Lee,17
President,Totals,,Lee,16572
President,Gore / Lieberman,Democratic,Linn,48897
President,Bush / Cheney,Republican,Linn,40417
President,Browne / Olivier,Libertarian Party of Iowa,Linn,179
President,Nader / Laduke,Iowa Green Party,Linn,2106
President,Buchanan / Foster,Reform Party,Linn,254
President,Harris / Trowe,Socialist Workers,Linn,13
President,Phillips / Frazier,Constitution,Linn,18
President,McReynolds / Hollis,Socialist Party USA,Linn,10
President,Hagelin / Goldhaber,Nominated by Petition,Linn,69
President,Scattering,,Linn,101
President,Totals,,Linn,92064
President,Gore / Lieberman,Democratic,Louisa,2294
President,Bush / Cheney,Republican,Louisa,2207
President,Browne / Olivier,Libertarian Party of Iowa,Louisa,5
President,Nader / Laduke,Iowa Green Party,Louisa,85
President,Buchanan / Foster,Reform Party,Louisa,32
President,Harris / Trowe,Socialist Workers,Louisa,1
President,Phillips / Frazier,Constitution,Louisa,2
President,McReynolds / Hollis,Socialist Party USA,Louisa,0
President,Hagelin / Goldhaber,Nominated by Petition,Louisa,7
President,Scattering,,Louisa,4
President,Totals,,Louisa,4637
President,Gore / Lieberman,Democratic,Lucas,1934
President,Bush / Cheney,Republican,Lucas,2262
President,Browne / Olivier,Libertarian Party of Iowa,Lucas,8
President,Nader / Laduke,Iowa Green Party,Lucas,65
President,Buchanan / Foster,Reform Party,Lucas,19
President,Harris / Trowe,Socialist Workers,Lucas,1
President,Phillips / Frazier,Constitution,Lucas,4
President,McReynolds / Hollis,Socialist Party USA,Lucas,1
President,Hagelin / Goldhaber,Nominated by Petition,Lucas,6
President,Scattering,,Lucas,3
President,Totals,,Lucas,4303
President,Gore / Lieberman,Democratic,Lyon,1313
President,Bush / Cheney,Republican,Lyon,3918
President,Browne / Olivier,Libertarian Party of Iowa,Lyon,7
President,Nader / Laduke,Iowa Green Party,Lyon,68
President,Buchanan / Foster,Reform Party,Lyon,26
President,Harris / Trowe,Socialist Workers,Lyon,0
President,Phillips / Frazier,Constitution,Lyon,7
President,McReynolds / Hollis,Socialist Party USA,Lyon,1
President,Hagelin / Goldhaber,Nominated by Petition,Lyon,2
President,Scattering,,Lyon,0
President,Totals,,Lyon,5342
President,Gore / Lieberman,Democratic,Madison,3093
President,Bush / Cheney,Republican,Madison,3662
President,Browne / Olivier,Libertarian Party of Iowa,Madison,12
President,Nader / Laduke,Iowa Green Party,Madison,128
President,Buchanan / Foster,Reform Party,Madison,40
President,Harris / Trowe,Socialist Workers,Madison,0
President,Phillips / Frazier,Constitution,Madison,7
President,McReynolds / Hollis,Socialist Party USA,Madison,1
President,Hagelin / Goldhaber,Nominated by Petition,Madison,13
President,Scattering,,Madison,13
President,Totals,,Madison,6969
President,Gore / Lieberman,Democratic,Mahaska,3370
President,Bush / Cheney,Republican,Mahaska,5971
President,Browne / Olivier,Libertarian Party of Iowa,Mahaska,20
President,Nader / Laduke,Iowa Green Party,Mahaska,143
President,Buchanan / Foster,Reform Party,Mahaska,24
President,Harris / Trowe,Socialist Workers,Mahaska,2
President,Phillips / Frazier,Constitution,Mahaska,5
President,McReynolds / Hollis,Socialist Party USA,Mahaska,1
President,Hagelin / Goldhaber,Nominated by Petition,Mahaska,4
President,Scattering,,Mahaska,3
President,Totals,,Mahaska,9543
President,Gore / Lieberman,Democratic,Marion,5741
President,Bush / Cheney,Republican,Marion,8358
President,Browne / Olivier,Libertarian Party of Iowa,Marion,13
President,Nader / Laduke,Iowa Green Party,Marion,208
President,Buchanan / Foster,Reform Party,Marion,41
President,Harris / Trowe,Socialist Workers,Marion,4
President,Phillips / Frazier,Constitution,Marion,3
President,McReynolds / Hollis,Socialist Party USA,Marion,1
President,Hagelin / Goldhaber,Nominated by Petition,Marion,31
President,Scattering,,Marion,8
President,Totals,,Marion,14408
President,Gore / Lieberman,Democratic,Marshall,8322
President,Bush / Cheney,Republican,Marshall,8785
President,Browne / Olivier,Libertarian Party of Iowa,Marshall,33
President,Nader / Laduke,Iowa Green Party,Marshall,340
President,Buchanan / Foster,Reform Party,Marshall,75
President,Harris / Trowe,Socialist Workers,Marshall,3
President,Phillips / Frazier,Constitution,Marshall,7
President,McReynolds / Hollis,Socialist Party USA,Marshall,2
President,Hagelin / Goldhaber,Nominated by Petition,Marshall,30
President,Scattering,,Marshall,27
President,Totals,,Marshall,17624
President,Gore / Lieberman,Democratic,Mills,2039
President,Bush / Cheney,Republican,Mills,3684
President,Browne / Olivier,Libertarian Party of Iowa,Mills,19
President,Nader / Laduke,Iowa Green Party,Mills,126
President,Buchanan / Foster,Reform Party,Mills,25
President,Harris / Trowe,Socialist Workers,Mills,0
President,Phillips / Frazier,Constitution,Mills,4
President,McReynolds / Hollis,Socialist Party USA,Mills,1
President,Hagelin / Goldhaber,Nominated by Petition,Mills,9
President,Scattering,,Mills,8
President,Totals,,Mills,5915
President,Gore / Lieberman,Democratic,Mitchell,2650
President,Bush / Cheney,Republican,Mitchell,2388
President,Browne / Olivier,Libertarian Party of Iowa,Mitchell,3
President,Nader / Laduke,Iowa Green Party,Mitchell,87
President,Buchanan / Foster,Reform Party,Mitchell,25
President,Harris / Trowe,Socialist Workers,Mitchell,0
President,Phillips / Frazier,Constitution,Mitchell,2
President,McReynolds / Hollis,Socialist Party USA,Mitchell,0
President,Hagelin / Goldhaber,Nominated by Petition,Mitchell,5
President,Scattering,,Mitchell,2
President,Totals,,Mitchell,5162
President,Gore / Lieberman,Democratic,Monona,2086
President,Bush / Cheney,Republican,Monona,2304
President,Browne / Olivier,Libertarian Party of Iowa,Monona,10
President,Nader / Laduke,Iowa Green Party,Monona,93
President,Buchanan / Foster,Reform Party,Monona,52
President,Harris / Trowe,Socialist Workers,Monona,0
President,Phillips / Frazier,Constitution,Monona,4
President,McReynolds / Hollis,Socialist Party USA,Monona,0
President,Hagelin / Goldhaber,Nominated by Petition,Monona,6
President,Scattering,,Monona,5
President,Totals,,Monona,4560
President,Gore / Lieberman,Democratic,Monroe,1699
President,Bush / Cheney,Republican,Monroe,1858
President,Browne / Olivier,Libertarian Party of Iowa,Monroe,6
President,Nader / Laduke,Iowa Green Party,Monroe,54
President,Buchanan / Foster,Reform Party,Monroe,22
President,Harris / Trowe,Socialist Workers,Monroe,0
President,Phillips / Frazier,Constitution,Monroe,2
President,McReynolds / Hollis,Socialist Party USA,Monroe,0
President,Hagelin / Goldhaber,Nominated by Petition,Monroe,3
President,Scattering,,Monroe,3
President,Totals,,Monroe,3647
President,Gore / Lieberman,Democratic,Montgomery,1838
President,Bush / Cheney,Republican,Montgomery,3417
President,Browne / Olivier,Libertarian Party of Iowa,Montgomery,15
President,Nader / Laduke,Iowa Green Party,Montgomery,85
President,Buchanan / Foster,Reform Party,Montgomery,20
President,Harris / Trowe,Socialist Workers,Montgomery,0
President,Phillips / Frazier,Constitution,Montgomery,0
President,McReynolds / Hollis,Socialist Party USA,Montgomery,0
President,Hagelin / Goldhaber,Nominated by Petition,Montgomery,11
President,Scattering,,Montgomery,8
President,Totals,,Montgomery,5394
President,Gore / Lieberman,Democratic,Muscatine,8058
President,Bush / Cheney,Republican,Muscatine,7483
President,Browne / Olivier,Libertarian Party of Iowa,Muscatine,40
President,Nader / Laduke,Iowa Green Party,Muscatine,371
President,Buchanan / Foster,Reform Party,Muscatine,82
President,Harris / Trowe,Socialist Workers,Muscatine,5
President,Phillips / Frazier,Constitution,Muscatine,7
President,McReynolds / Hollis,Socialist Party USA,Muscatine,1
President,Hagelin / Goldhaber,Nominated by Petition,Muscatine,10
President,Scattering,,Muscatine,19
President,Totals,,Muscatine,16076
President,Gore / Lieberman,Democratic,O'Brien,2170
President,Bush / Cheney,Republican,O'Brien,4674
President,Browne / Olivier,Libertarian Party of Iowa,O'Brien,14
President,Nader / Laduke,Iowa Green Party,O'Brien,108
President,Buchanan / Foster,Reform Party,O'Brien,53
President,Harris / Trowe,Socialist Workers,O'Brien,5
President,Phillips / Frazier,Constitution,O'Brien,2
President,McReynolds / Hollis,Socialist Party USA,O'Brien,2
President,Hagelin / Goldhaber,Nominated by Petition,O'Brien,7
President,Scattering,,O'Brien,9
President,Totals,,O'Brien,7044
President,Gore / Lieberman,Democratic,Osceola,913
President,Bush / Cheney,Republican,Osceola,2064
President,Browne / Olivier,Libertarian Party of Iowa,Osceola,5
President,Nader / Laduke,Iowa Green Party,Osceola,56
President,Buchanan / Foster,Reform Party,Osceola,14
President,Harris / Trowe,Socialist Workers,Osceola,0
President,Phillips / Frazier,Constitution,Osceola,10
President,McReynolds / Hollis,Socialist Party USA,Osceola,0
President,Hagelin / Goldhaber,Nominated by Petition,Osceola,1
President,Scattering,,Osceola,0
President,Totals,,Osceola,3063
President,Gore / Lieberman,Democratic,Page,2293
President,Bush / Cheney,Republican,Page,4588
President,Browne / Olivier,Libertarian Party of Iowa,Page,11
President,Nader / Laduke,Iowa Green Party,Page,125
President,Buchanan / Foster,Reform Party,Page,21
President,Harris / Trowe,Socialist Workers,Page,0
President,Phillips / Frazier,Constitution,Page,1
President,McReynolds / Hollis,Socialist Party USA,Page,1
President,Hagelin / Goldhaber,Nominated by Petition,Page,11
President,Scattering,,Page,8
President,Totals,,Page,7059
President,Gore / Lieberman,Democratic,Palo Alto,2326
President,Bush / Cheney,Republican,Palo Alto,2341
President,Browne / Olivier,Libertarian Party of Iowa,Palo Alto,29
President,Nader / Laduke,Iowa Green Party,Palo Alto,81
President,Buchanan / Foster,Reform Party,Palo Alto,36
President,Harris / Trowe,Socialist Workers,Palo Alto,3
President,Phillips / Frazier,Constitution,Palo Alto,1
President,McReynolds / Hollis,Socialist Party USA,Palo Alto,0
President,Hagelin / Goldhaber,Nominated by Petition,Palo Alto,6
President,Scattering,,Palo Alto,0
President,Totals,,Palo Alto,4823
President,Gore / Lieberman,Democratic,Plymouth,3499
President,Bush / Cheney,Republican,Plymouth,6189
President,Browne / Olivier,Libertarian Party of Iowa,Plymouth,29
President,Nader / Laduke,Iowa Green Party,Plymouth,198
President,Buchanan / Foster,Reform Party,Plymouth,145
President,Harris / Trowe,Socialist Workers,Plymouth,7
President,Phillips / Frazier,Constitution,Plymouth,6
President,McReynolds / Hollis,Socialist Party USA,Plymouth,9
President,Hagelin / Goldhaber,Nominated by Petition,Plymouth,31
President,Scattering,,Plymouth,5
President,Totals,,Plymouth,10118
President,Gore / Lieberman,Democratic,Pocahontas,1736
President,Bush / Cheney,Republican,Pocahontas,2242
President,Browne / Olivier,Libertarian Party of Iowa,Pocahontas,23
President,Nader / Laduke,Iowa Green Party,Pocahontas,78
President,Buchanan / Foster,Reform Party,Pocahontas,48
President,Harris / Trowe,Socialist Workers,Pocahontas,0
President,Phillips / Frazier,Constitution,Pocahontas,2
President,McReynolds / Hollis,Socialist Party USA,Pocahontas,0
President,Hagelin / Goldhaber,Nominated by Petition,Pocahontas,5
President,Scattering,,Pocahontas,7
President,Totals,,Pocahontas,4141
President,Gore / Lieberman,Democratic,Polk,89715
President,Bush / Cheney,Republican,Polk,79927
President,Browne / Olivier,Libertarian Party of Iowa,Polk,403
President,Nader / Laduke,Iowa Green Party,Polk,3366
President,Buchanan / Foster,Reform Party,Polk,416
President,Harris / Trowe,Socialist Workers,Polk,22
President,Phillips / Frazier,Constitution,Polk,94
President,McReynolds / Hollis,Socialist Party USA,Polk,5
President,Hagelin / Goldhaber,Nominated by Petition,Polk,65
President,Scattering,,Polk,154
President,Totals,,Polk,174167
President,Gore / Lieberman,Democratic,Pottawattamie,14726
President,Bush / Cheney,Republican,Pottawattamie,18783
President,Browne / Olivier,Libertarian Party of Iowa,Pottawattamie,70
President,Nader / Laduke,Iowa Green Party,Pottawattamie,690
President,Buchanan / Foster,Reform Party,Pottawattamie,122
President,Harris / Trowe,Socialist Workers,Pottawattamie,4
President,Phillips / Frazier,Constitution,Pottawattamie,17
President,McReynolds / Hollis,Socialist Party USA,Pottawattamie,1
President,Hagelin / Goldhaber,Nominated by Petition,Pottawattamie,22
President,Scattering,,Pottawattamie,32
President,Totals,,Pottawattamie,34467
President,Gore / Lieberman,Democratic,Poweshiek,4222
President,Bush / Cheney,Republican,Poweshiek,4396
President,Browne / Olivier,Libertarian Party of Iowa,Poweshiek,20
President,Nader / Laduke,Iowa Green Party,Poweshiek,287
President,Buchanan / Foster,Reform Party,Poweshiek,34
President,Harris / Trowe,Socialist Workers,Poweshiek,0
President,Phillips / Frazier,Constitution,Poweshiek,4
President,McReynolds / Hollis,Socialist Party USA,Poweshiek,4
President,Hagelin / Goldhaber,Nominated by Petition,Poweshiek,5
President,Scattering,,Poweshiek,8
President,Totals,,Poweshiek,8980
President,Gore / Lieberman,Democratic,Ringgold,1246
President,Bush / Cheney,Republican,Ringgold,1369
President,Browne / Olivier,Libertarian Party of Iowa,Ringgold,5
President,Nader / Laduke,Iowa Green Party,Ringgold,47
President,Buchanan / Foster,Reform Party,Ringgold,10
President,Harris / Trowe,Socialist Workers,Ringgold,0
President,Phillips / Frazier,Constitution,Ringgold,1
President,McReynolds / Hollis,Socialist Party USA,Ringgold,2
President,Hagelin / Goldhaber,Nominated by Petition,Ringgold,5
President,Scattering,,Ringgold,7
President,Totals,,Ringgold,2692
President,Gore / Lieberman,Democratic,Sac,2099
President,Bush / Cheney,Republican,Sac,2776
President,Browne / Olivier,Libertarian Party of Iowa,Sac,7
President,Nader / Laduke,Iowa Green Party,Sac,97
President,Buchanan / Foster,Reform Party,Sac,46
President,Harris / Trowe,Socialist Workers,Sac,2
President,Phillips / Frazier,Constitution,Sac,1
President,McReynolds / Hollis,Socialist Party USA,Sac,0
President,Hagelin / Goldhaber,Nominated by Petition,Sac,5
President,Scattering,,Sac,0
President,Totals,,Sac,5033
President,Gore / Lieberman,Democratic,Scott,35857
President,Bush / Cheney,Republican,Scott,32801
President,Browne / Olivier,Libertarian Party of Iowa,Scott,153
President,Nader / Laduke,Iowa Green Party,Scott,1386
President,Buchanan / Foster,Reform Party,Scott,247
President,Harris / Trowe,Socialist Workers,Scott,7
President,Phillips / Frazier,Constitution,Scott,26
President,McReynolds / Hollis,Socialist Party USA,Scott,1
President,Hagelin / Goldhaber,Nominated by Petition,Scott,50
President,Scattering,,Scott,40
President,Totals,,Scott,70568
President,Gore / Lieberman,Democratic,Shelby,2179
President,Bush / Cheney,Republican,Shelby,3655
President,Browne / Olivier,Libertarian Party of Iowa,Shelby,7
President,Nader / Laduke,Iowa Green Party,Shelby,113
President,Buchanan / Foster,Reform Party,Shelby,36
President,Harris / Trowe,Socialist Workers,Shelby,2
President,Phillips / Frazier,Constitution,Shelby,3
President,McReynolds / Hollis,Socialist Party USA,Shelby,1
President,Hagelin / Goldhaber,Nominated by Petition,Shelby,7
President,Scattering,,Shelby,6
President,Totals,,Shelby,6009
President,Gore / Lieberman,Democratic,Sioux,2148
President,Bush / Cheney,Republican,Sioux,12241
President,Browne / Olivier,Libertarian Party of Iowa,Sioux,35
President,Nader / Laduke,Iowa Green Party,Sioux,156
President,Buchanan / Foster,Reform Party,Sioux,83
President,Harris / Trowe,Socialist Workers,Sioux,1
President,Phillips / Frazier,Constitution,Sioux,21
President,McReynolds / Hollis,Socialist Party USA,Sioux,1
President,Hagelin / Goldhaber,Nominated by Petition,Sioux,4
President,Scattering,,Sioux,2
President,Totals,,Sioux,14692
President,Gore / Lieberman,Democratic,Story,17478
President,Bush / Cheney,Republican,Story,16228
President,Browne / Olivier,Libertarian Party of Iowa,Story,139
President,Nader / Laduke,Iowa Green Party,Story,1317
President,Buchanan / Foster,Reform Party,Story,91
President,Harris / Trowe,Socialist Workers,Story,5
President,Phillips / Frazier,Constitution,Story,14
President,McReynolds / Hollis,Socialist Party USA,Story,3
President,Hagelin / Goldhaber,Nominated by Petition,Story,37
President,Scattering,,Story,52
President,Totals,,Story,35364
President,Gore / Lieberman,Democratic,Tama,4045
President,Bush / Cheney,Republican,Tama,4034
President,Browne / Olivier,Libertarian Party of Iowa,Tama,23
President,Nader / Laduke,Iowa Green Party,Tama,160
President,Buchanan / Foster,Reform Party,Tama,32
President,Harris / Trowe,Socialist Workers,Tama,0
President,Phillips / Frazier,Constitution,Tama,1
President,McReynolds / Hollis,Socialist Party USA,Tama,0
President,Hagelin / Goldhaber,Nominated by Petition,Tama,8
President,Scattering,,Tama,12
President,Totals,,Tama,8315
President,Gore / Lieberman,Democratic,Taylor,1247
President,Bush / Cheney,Republican,Taylor,1770
President,Browne / Olivier,Libertarian Party of Iowa,Taylor,5
President,Nader / Laduke,Iowa Green Party,Taylor,46
President,Buchanan / Foster,Reform Party,Taylor,13
President,Harris / Trowe,Socialist Workers,Taylor,0
President,Phillips / Frazier,Constitution,Taylor,2
President,McReynolds / Hollis,Socialist Party USA,Taylor,1
President,Hagelin / Goldhaber,Nominated by Petition,Taylor,10
President,Scattering,,Taylor,2
President,Totals,,Taylor,3096
President,Gore / Lieberman,Democratic,Union,2540
President,Bush / Cheney,Republican,Union,3003
President,Browne / Olivier,Libertarian Party of Iowa,Union,8
President,Nader / Laduke,Iowa Green Party,Union,108
President,Buchanan / Foster,Reform Party,Union,45
President,Harris / Trowe,Socialist Workers,Union,5
President,Phillips / Frazier,Constitution,Union,8
President,McReynolds / Hollis,Socialist Party USA,Union,2
President,Hagelin / Goldhaber,Nominated by Petition,Union,17
President,Scattering,,Union,4
President,Totals,,Union,5740
President,Gore / Lieberman,Democratic,Van Buren,1440
President,Bush / Cheney,Republican,Van Buren,2016
President,Browne / Olivier,Libertarian Party of Iowa,Van Buren,5
President,Nader / Laduke,Iowa Green Party,Van Buren,51
President,Buchanan / Foster,Reform Party,Van Buren,35
President,Harris / Trowe,Socialist Workers,Van Buren,1
President,Phillips / Frazier,Constitution,Van Buren,4
President,McReynolds / Hollis,Socialist Party USA,Van Buren,0
President,Hagelin / Goldhaber,Nominated by Petition,Van Buren,6
President,Scattering,,Van Buren,3
President,Totals,,Van Buren,3561
President,Gore / Lieberman,Democratic,Wapello,8355
President,Bush / Cheney,Republican,Wapello,6313
President,Browne / Olivier,Libertarian Party of Iowa,Wapello,47
President,Nader / Laduke,Iowa Green Party,Wapello,317
President,Buchanan / Foster,Reform Party,Wapello,62
President,Harris / Trowe,Socialist Workers,Wapello,1
President,Phillips / Frazier,Constitution,Wapello,9
President,McReynolds / Hollis,Socialist Party USA,Wapello,2
President,Hagelin / Goldhaber,Nominated by Petition,Wapello,20
President,Scattering,,Wapello,13
President,Totals,,Wapello,15139
President,Gore / Lieberman,Democratic,Warren,9521
President,Bush / Cheney,Republican,Warren,9621
President,Browne / Olivier,Libertarian Party of Iowa,Warren,38
President,Nader / Laduke,Iowa Green Party,Warren,371
President,Buchanan / Foster,Reform Party,Warren,54
President,Harris / Trowe,Socialist Workers,Warren,3
President,Phillips / Frazier,Constitution,Warren,22
President,McReynolds / Hollis,Socialist Party USA,Warren,0
President,Hagelin / Goldhaber,Nominated by Petition,Warren,10
President,Scattering,,Warren,13
President,Totals,,Warren,19653
President,Gore / Lieberman,Democratic,Washington,3932
President,Bush / Cheney,Republican,Washington,4827
President,Browne / Olivier,Libertarian Party of Iowa,Washington,26
President,Nader / Laduke,Iowa Green Party,Washington,245
President,Buchanan / Foster,Reform Party,Washington,41
President,Harris / Trowe,Socialist Workers,Washington,1
President,Phillips / Frazier,Constitution,Washington,7
President,McReynolds / Hollis,Socialist Party USA,Washington,0
President,Hagelin / Goldhaber,Nominated by Petition,Washington,11
President,Scattering,,Washington,4
President,Totals,,Washington,9094
President,Gore / Lieberman,Democratic,Wayne,1300
President,Bush / Cheney,Republican,Wayne,1666
President,Browne / Olivier,Libertarian Party of Iowa,Wayne,5
President,Nader / Laduke,Iowa Green Party,Wayne,31
President,Buchanan / Foster,Reform Party,Wayne,13
President,Harris / Trowe,Socialist Workers,Wayne,1
President,Phillips / Frazier,Constitution,Wayne,3
President,McReynolds / Hollis,Socialist Party USA,Wayne,0
President,Hagelin / Goldhaber,Nominated by Petition,Wayne,1
President,Scattering,,Wayne,1
President,Totals,,Wayne,3021
President,Gore / Lieberman,Democratic,Webster,8479
President,Bush / Cheney,Republican,Webster,8172
President,Browne / Olivier,Libertarian Party of Iowa,Webster,18
President,Nader / Laduke,Iowa Green Party,Webster,282
President,Buchanan / Foster,Reform Party,Webster,68
President,Harris / Trowe,Socialist Workers,Webster,2
President,Phillips / Frazier,Constitution,Webster,8
President,McReynolds / Hollis,Socialist Party USA,Webster,0
President,Hagelin / Goldhaber,Nominated by Petition,Webster,10
President,Scattering,,Webster,9
President,Totals,,Webster,17048
President,Gore / Lieberman,Democratic,Winnebago,2691
President,Bush / Cheney,Republican,Winnebago,2662
President,Browne / Olivier,Libertarian Party of Iowa,Winnebago,17
President,Nader / Laduke,Iowa Green Party,Winnebago,115
President,Buchanan / Foster,Reform Party,Winnebago,27
President,Harris / Trowe,Socialist Workers,Winnebago,2
President,Phillips / Frazier,Constitution,Winnebago,1
President,McReynolds / Hollis,Socialist Party USA,Winnebago,1
President,Hagelin / Goldhaber,Nominated by Petition,Winnebago,5
President,Scattering,,Winnebago,6
President,Totals,,Winnebago,5527
President,Gore / Lieberman,Democratic,Winneshiek,4339
President,Bush / Cheney,Republican,Winneshiek,4647
President,Browne / Olivier,Libertarian Party of Iowa,Winneshiek,12
President,Nader / Laduke,Iowa Green Party,Winneshiek,343
President,Buchanan / Foster,Reform Party,Winneshiek,42
President,Harris / Trowe,Socialist Workers,Winneshiek,1
President,Phillips / Frazier,Constitution,Winneshiek,3
President,McReynolds / Hollis,Socialist Party USA,Winneshiek,1
President,Hagelin / Goldhaber,Nominated by Petition,Winneshiek,18
President,Scattering,,Winneshiek,11
President,Totals,,Winneshiek,9417
President,Gore / Lieberman,Democratic,Woodbury,17691
President,Bush / Cheney,Republican,Woodbury,18864
President,Browne / Olivier,Libertarian Party of Iowa,Woodbury,76
President,Nader / Laduke,Iowa Green Party,Woodbury,804
President,Buchanan / Foster,Reform Party,Woodbury,406
President,Harris / Trowe,Socialist Workers,Woodbury,4
President,Phillips / Frazier,Constitution,Woodbury,19
President,McReynolds / Hollis,Socialist Party USA,Woodbury,2
President,Hagelin / Goldhaber,Nominated by Petition,Woodbury,7
President,Scattering,,Woodbury,23
President,Totals,,Woodbury,37896
President,Gore / Lieberman,Democratic,Worth,2208
President,Bush / Cheney,Republican,Worth,1659
President,Browne / Olivier,Libertarian Party of Iowa,Worth,9
President,Nader / Laduke,Iowa Green Party,Worth,91
President,Buchanan / Foster,Reform Party,Worth,18
President,Harris / Trowe,Socialist Workers,Worth,0
President,Phillips / Frazier,Constitution,Worth,0
President,McReynolds / Hollis,Socialist Party USA,Worth,0
President,Hagelin / Goldhaber,Nominated by Petition,Worth,10
President,Scattering,,Worth,9
President,Totals,,Worth,4004
President,Gore / Lieberman,Democratic,Wright,2796
President,Bush / Cheney,Republican,Wright,3384
President,Browne / Olivier,Libertarian Party of Iowa,Wright,9
President,Nader / Laduke,Iowa Green Party,Wright,107
President,Buchanan / Foster,Reform Party,Wright,21
President,Harris / Trowe,Socialist Workers,Wright,3
President,Phillips / Frazier,Constitution,Wright,3
President,McReynolds / Hollis,Socialist Party USA,Wright,1
President,Hagelin / Goldhaber,Nominated by Petition,Wright,9
President,Scattering,,Wright,3
President,Totals,,Wright,6336
President,Gore / Lieberman,Democratic,Totals,638517
President,Bush / Cheney,Republican,Totals,634373
President,Browne / Olivier,Libertarian Party of Iowa,Totals,3209
President,Nader / Laduke,Iowa Green Party,Totals,29374
President,Buchanan / Foster,Reform Party,Totals,5731
President,Harris / Trowe,Socialist Workers,Totals,190
President,Phillips / Frazier,Constitution,Totals,613
President,McReynolds / Hollis,Socialist Party USA,Totals,107
President,Hagelin / Goldhaber,Nominated by Petition,Totals,2281
President,Scattering,,Totals,1168
President,Totals,,Totals,1315563
