county,precinct,office,district,party,candidate,votes,election_day,absentee
Franklin,Geneva / Ingham / East Mott,United States Representative District 4,,REP,Steve King,181,125,56
Franklin,Grant / Osceola,United States Representative District 4,,REP,Steve King,166,105,61
Franklin,Hamilton / Lee / Reeve,United States Representative District 4,,REP,Steve King,176,115,61
Franklin,Hampton 1,United States Representative District 4,,REP,Steve King,122,83,39
Franklin,Hampton 2,United States Representative District 4,,REP,Steve King,174,108,66
Franklin,Hampton 3,United States Representative District 4,,REP,Steve King,210,123,87
Franklin,Hampton 4,United States Representative District 4,,REP,Steve King,145,83,62
Franklin,Marion,United States Representative District 4,,REP,Steve King,176,128,48
Franklin,Oakland / Morgan,United States Representative District 4,,REP,Steve King,176,123,53
Franklin,Richland / Ross / West Fork,United States Representative District 4,,REP,Steve King,439,312,127
Franklin,West Mott,United States Representative District 4,,REP,Steve King,128,78,50
Franklin,Wisner / Scott,United States Representative District 4,,REP,Steve King,136,104,32
Franklin,Geneva / Ingham / East Mott,United States Representative District 4,,DEM,J.D. Scholten,120,92,28
Franklin,Grant / Osceola,United States Representative District 4,,DEM,J.D. Scholten,82,63,19
Franklin,Hamilton / Lee / Reeve,United States Representative District 4,,DEM,J.D. Scholten,109,77,32
Franklin,Hampton 1,United States Representative District 4,,DEM,J.D. Scholten,143,98,45
Franklin,Hampton 2,United States Representative District 4,,DEM,J.D. Scholten,194,128,66
Franklin,Hampton 3,United States Representative District 4,,DEM,J.D. Scholten,217,132,85
Franklin,Hampton 4,United States Representative District 4,,DEM,J.D. Scholten,189,103,86
Franklin,Marion,United States Representative District 4,,DEM,J.D. Scholten,106,72,34
Franklin,Oakland / Morgan,United States Representative District 4,,DEM,J.D. Scholten,95,63,32
Franklin,Richland / Ross / West Fork,United States Representative District 4,,DEM,J.D. Scholten,312,219,93
Franklin,West Mott,United States Representative District 4,,DEM,J.D. Scholten,83,54,29
Franklin,Wisner / Scott,United States Representative District 4,,DEM,J.D. Scholten,67,50,17
Franklin,Geneva / Ingham / East Mott,United States Representative District 4,,LIB,Charles Aldrich,9,6,3
Franklin,Grant / Osceola,United States Representative District 4,,LIB,Charles Aldrich,5,3,2
Franklin,Hamilton / Lee / Reeve,United States Representative District 4,,LIB,Charles Aldrich,6,2,4
Franklin,Hampton 1,United States Representative District 4,,LIB,Charles Aldrich,10,7,3
Franklin,Hampton 2,United States Representative District 4,,LIB,Charles Aldrich,11,8,3
Franklin,Hampton 3,United States Representative District 4,,LIB,Charles Aldrich,11,9,2
Franklin,Hampton 4,United States Representative District 4,,LIB,Charles Aldrich,5,5,0
Franklin,Marion,United States Representative District 4,,LIB,Charles Aldrich,2,2,0
Franklin,Oakland / Morgan,United States Representative District 4,,LIB,Charles Aldrich,6,5,1
Franklin,Richland / Ross / West Fork,United States Representative District 4,,LIB,Charles Aldrich,14,11,3
Franklin,West Mott,United States Representative District 4,,LIB,Charles Aldrich,1,0,1
Franklin,Wisner / Scott,United States Representative District 4,,LIB,Charles Aldrich,8,6,2
Franklin,Geneva / Ingham / East Mott,United States Representative District 4,,,Edward Peterson,4,4,0
Franklin,Grant / Osceola,United States Representative District 4,,,Edward Peterson,0,0,0
Franklin,Hamilton / Lee / Reeve,United States Representative District 4,,,Edward Peterson,0,0,0
Franklin,Hampton 1,United States Representative District 4,,,Edward Peterson,4,2,2
Franklin,Hampton 2,United States Representative District 4,,,Edward Peterson,4,3,1
Franklin,Hampton 3,United States Representative District 4,,,Edward Peterson,3,2,1
Franklin,Hampton 4,United States Representative District 4,,,Edward Peterson,1,1,0
Franklin,Marion,United States Representative District 4,,,Edward Peterson,3,3,0
Franklin,Oakland / Morgan,United States Representative District 4,,,Edward Peterson,4,3,1
Franklin,Richland / Ross / West Fork,United States Representative District 4,,,Edward Peterson,7,6,1
Franklin,West Mott,United States Representative District 4,,,Edward Peterson,1,1,0
Franklin,Wisner / Scott,United States Representative District 4,,,Edward Peterson,2,0,2
Franklin,Geneva / Ingham / East Mott,United States Representative District 4,,,Write-in,0,0,0
Franklin,Grant / Osceola,United States Representative District 4,,,Write-in,0,0,0
Franklin,Hamilton / Lee / Reeve,United States Representative District 4,,,Write-in,0,0,0
Franklin,Hampton 1,United States Representative District 4,,,Write-in,0,0,0
Franklin,Hampton 2,United States Representative District 4,,,Write-in,0,0,0
Franklin,Hampton 3,United States Representative District 4,,,Write-in,0,0,0
Franklin,Hampton 4,United States Representative District 4,,,Write-in,0,0,0
Franklin,Marion,United States Representative District 4,,,Write-in,0,0,0
Franklin,Oakland / Morgan,United States Representative District 4,,,Write-in,0,0,0
Franklin,Richland / Ross / West Fork,United States Representative District 4,,,Write-in,0,0,0
Franklin,West Mott,United States Representative District 4,,,Write-in,0,0,0
Franklin,Wisner / Scott,United States Representative District 4,,,Write-in,0,0,0
Franklin,Geneva / Ingham / East Mott,Governor/Lieutenant Governor,,REP,Kim Reynolds/Adam Gregg,217,156,61
Franklin,Grant / Osceola,Governor/Lieutenant Governor,,REP,Kim Reynolds/Adam Gregg,186,122,64
Franklin,Hamilton / Lee / Reeve,Governor/Lieutenant Governor,,REP,Kim Reynolds/Adam Gregg,205,137,68
Franklin,Hampton 1,Governor/Lieutenant Governor,,REP,Kim Reynolds/Adam Gregg,153,112,41
Franklin,Hampton 2,Governor/Lieutenant Governor,,REP,Kim Reynolds/Adam Gregg,227,150,77
Franklin,Hampton 3,Governor/Lieutenant Governor,,REP,Kim Reynolds/Adam Gregg,253,157,96
Franklin,Hampton 4,Governor/Lieutenant Governor,,REP,Kim Reynolds/Adam Gregg,172,101,71
Franklin,Marion,Governor/Lieutenant Governor,,REP,Kim Reynolds/Adam Gregg,215,158,57
Franklin,Oakland / Morgan,Governor/Lieutenant Governor,,REP,Kim Reynolds/Adam Gregg,191,136,55
Franklin,Richland / Ross / West Fork,Governor/Lieutenant Governor,,REP,Kim Reynolds/Adam Gregg,538,383,155
Franklin,West Mott,Governor/Lieutenant Governor,,REP,Kim Reynolds/Adam Gregg,139,86,53
Franklin,Wisner / Scott,Governor/Lieutenant Governor,,REP,Kim Reynolds/Adam Gregg,151,116,35
Franklin,Geneva / Ingham / East Mott,Governor/Lieutenant Governor,,DEM,Fred Hubbell/Rita R. Hart,95,66,29
Franklin,Grant / Osceola,Governor/Lieutenant Governor,,DEM,Fred Hubbell/Rita R. Hart,67,48,19
Franklin,Hamilton / Lee / Reeve,Governor/Lieutenant Governor,,DEM,Fred Hubbell/Rita R. Hart,84,56,28
Franklin,Hampton 1,Governor/Lieutenant Governor,,DEM,Fred Hubbell/Rita R. Hart,119,73,46
Franklin,Hampton 2,Governor/Lieutenant Governor,,DEM,Fred Hubbell/Rita R. Hart,146,88,58
Franklin,Hampton 3,Governor/Lieutenant Governor,,DEM,Fred Hubbell/Rita R. Hart,183,105,78
Franklin,Hampton 4,Governor/Lieutenant Governor,,DEM,Fred Hubbell/Rita R. Hart,162,85,77
Franklin,Marion,Governor/Lieutenant Governor,,DEM,Fred Hubbell/Rita R. Hart,74,46,28
Franklin,Oakland / Morgan,Governor/Lieutenant Governor,,DEM,Fred Hubbell/Rita R. Hart,86,57,29
Franklin,Richland / Ross / West Fork,Governor/Lieutenant Governor,,DEM,Fred Hubbell/Rita R. Hart,233,162,71
Franklin,West Mott,Governor/Lieutenant Governor,,DEM,Fred Hubbell/Rita R. Hart,72,44,28
Franklin,Wisner / Scott,Governor/Lieutenant Governor,,DEM,Fred Hubbell/Rita R. Hart,58,40,18
Franklin,Geneva / Ingham / East Mott,Governor/Lieutenant Governor,,LIB,Jake Porter/Lynne Gentry,4,4,0
Franklin,Grant / Osceola,Governor/Lieutenant Governor,,LIB,Jake Porter/Lynne Gentry,3,3,0
Franklin,Hamilton / Lee / Reeve,Governor/Lieutenant Governor,,LIB,Jake Porter/Lynne Gentry,4,3,1
Franklin,Hampton 1,Governor/Lieutenant Governor,,LIB,Jake Porter/Lynne Gentry,8,6,2
Franklin,Hampton 2,Governor/Lieutenant Governor,,LIB,Jake Porter/Lynne Gentry,10,8,2
Franklin,Hampton 3,Governor/Lieutenant Governor,,LIB,Jake Porter/Lynne Gentry,5,2,3
Franklin,Hampton 4,Governor/Lieutenant Governor,,LIB,Jake Porter/Lynne Gentry,7,6,1
Franklin,Marion,Governor/Lieutenant Governor,,LIB,Jake Porter/Lynne Gentry,2,2,0
Franklin,Oakland / Morgan,Governor/Lieutenant Governor,,LIB,Jake Porter/Lynne Gentry,3,2,1
Franklin,Richland / Ross / West Fork,Governor/Lieutenant Governor,,LIB,Jake Porter/Lynne Gentry,8,4,4
Franklin,West Mott,Governor/Lieutenant Governor,,LIB,Jake Porter/Lynne Gentry,2,2,0
Franklin,Wisner / Scott,Governor/Lieutenant Governor,,LIB,Jake Porter/Lynne Gentry,5,4,1
Franklin,Geneva / Ingham / East Mott,Governor/Lieutenant Governor,,CWP,Gary Siegwarth/Natalia Blaskovich,2,2,0
Franklin,Grant / Osceola,Governor/Lieutenant Governor,,CWP,Gary Siegwarth/Natalia Blaskovich,1,1,0
Franklin,Hamilton / Lee / Reeve,Governor/Lieutenant Governor,,CWP,Gary Siegwarth/Natalia Blaskovich,2,0,2
Franklin,Hampton 1,Governor/Lieutenant Governor,,CWP,Gary Siegwarth/Natalia Blaskovich,0,0,0
Franklin,Hampton 2,Governor/Lieutenant Governor,,CWP,Gary Siegwarth/Natalia Blaskovich,2,2,0
Franklin,Hampton 3,Governor/Lieutenant Governor,,CWP,Gary Siegwarth/Natalia Blaskovich,1,1,0
Franklin,Hampton 4,Governor/Lieutenant Governor,,CWP,Gary Siegwarth/Natalia Blaskovich,0,0,0
Franklin,Marion,Governor/Lieutenant Governor,,CWP,Gary Siegwarth/Natalia Blaskovich,3,3,0
Franklin,Oakland / Morgan,Governor/Lieutenant Governor,,CWP,Gary Siegwarth/Natalia Blaskovich,2,0,2
Franklin,Richland / Ross / West Fork,Governor/Lieutenant Governor,,CWP,Gary Siegwarth/Natalia Blaskovich,7,6,1
Franklin,West Mott,Governor/Lieutenant Governor,,CWP,Gary Siegwarth/Natalia Blaskovich,0,0,0
Franklin,Wisner / Scott,Governor/Lieutenant Governor,,CWP,Gary Siegwarth/Natalia Blaskovich,1,0,1
Franklin,Geneva / Ingham / East Mott,Governor/Lieutenant Governor,,,Write-in,0,0,0
Franklin,Grant / Osceola,Governor/Lieutenant Governor,,,Write-in,0,0,0
Franklin,Hamilton / Lee / Reeve,Governor/Lieutenant Governor,,,Write-in,0,0,0
Franklin,Hampton 1,Governor/Lieutenant Governor,,,Write-in,0,0,0
Franklin,Hampton 2,Governor/Lieutenant Governor,,,Write-in,0,0,0
Franklin,Hampton 3,Governor/Lieutenant Governor,,,Write-in,0,0,0
Franklin,Hampton 4,Governor/Lieutenant Governor,,,Write-in,1,1,0
Franklin,Marion,Governor/Lieutenant Governor,,,Write-in,0,0,0
Franklin,Oakland / Morgan,Governor/Lieutenant Governor,,,Write-in,0,0,0
Franklin,Richland / Ross / West Fork,Governor/Lieutenant Governor,,,Write-in,0,0,0
Franklin,West Mott,Governor/Lieutenant Governor,,,Write-in,0,0,0
Franklin,Wisner / Scott,Governor/Lieutenant Governor,,,Write-in,0,0,0
Franklin,Geneva / Ingham / East Mott,Secretary of State,,REP,Paul D. Pate,213,156,57
Franklin,Grant / Osceola,Secretary of State,,REP,Paul D. Pate,185,121,64
Franklin,Hamilton / Lee / Reeve,Secretary of State,,REP,Paul D. Pate,214,138,76
Franklin,Hampton 1,Secretary of State,,REP,Paul D. Pate,146,103,43
Franklin,Hampton 2,Secretary of State,,REP,Paul D. Pate,227,150,77
Franklin,Hampton 3,Secretary of State,,REP,Paul D. Pate,277,168,109
Franklin,Hampton 4,Secretary of State,,REP,Paul D. Pate,186,107,79
Franklin,Marion,Secretary of State,,REP,Paul D. Pate,218,158,60
Franklin,Oakland / Morgan,Secretary of State,,REP,Paul D. Pate,196,135,61
Franklin,Richland / Ross / West Fork,Secretary of State,,REP,Paul D. Pate,547,388,159
Franklin,West Mott,Secretary of State,,REP,Paul D. Pate,159,98,61
Franklin,Wisner / Scott,Secretary of State,,REP,Paul D. Pate,162,122,40
Franklin,Geneva / Ingham / East Mott,Secretary of State,,DEM,Deidre DeJear,86,61,25
Franklin,Grant / Osceola,Secretary of State,,DEM,Deidre DeJear,62,46,16
Franklin,Hamilton / Lee / Reeve,Secretary of State,,DEM,Deidre DeJear,74,54,20
Franklin,Hampton 1,Secretary of State,,DEM,Deidre DeJear,117,78,39
Franklin,Hampton 2,Secretary of State,,DEM,Deidre DeJear,139,87,52
Franklin,Hampton 3,Secretary of State,,DEM,Deidre DeJear,154,93,61
Franklin,Hampton 4,Secretary of State,,DEM,Deidre DeJear,144,78,66
Franklin,Marion,Secretary of State,,DEM,Deidre DeJear,62,41,21
Franklin,Oakland / Morgan,Secretary of State,,DEM,Deidre DeJear,72,47,25
Franklin,Richland / Ross / West Fork,Secretary of State,,DEM,Deidre DeJear,197,134,63
Franklin,West Mott,Secretary of State,,DEM,Deidre DeJear,49,29,20
Franklin,Wisner / Scott,Secretary of State,,DEM,Deidre DeJear,48,33,15
Franklin,Geneva / Ingham / East Mott,Secretary of State,,LIB,Jules Ofenbakh,6,3,3
Franklin,Grant / Osceola,Secretary of State,,LIB,Jules Ofenbakh,3,2,1
Franklin,Hamilton / Lee / Reeve,Secretary of State,,LIB,Jules Ofenbakh,2,1,1
Franklin,Hampton 1,Secretary of State,,LIB,Jules Ofenbakh,8,6,2
Franklin,Hampton 2,Secretary of State,,LIB,Jules Ofenbakh,9,5,4
Franklin,Hampton 3,Secretary of State,,LIB,Jules Ofenbakh,7,4,3
Franklin,Hampton 4,Secretary of State,,LIB,Jules Ofenbakh,6,5,1
Franklin,Marion,Secretary of State,,LIB,Jules Ofenbakh,6,5,1
Franklin,Oakland / Morgan,Secretary of State,,LIB,Jules Ofenbakh,6,6,0
Franklin,Richland / Ross / West Fork,Secretary of State,,LIB,Jules Ofenbakh,12,12,0
Franklin,West Mott,Secretary of State,,LIB,Jules Ofenbakh,1,1,0
Franklin,Wisner / Scott,Secretary of State,,LIB,Jules Ofenbakh,5,5,0
Franklin,Geneva / Ingham / East Mott,Secretary of State,,,Write-in,0,0,0
Franklin,Grant / Osceola,Secretary of State,,,Write-in,0,0,0
Franklin,Hamilton / Lee / Reeve,Secretary of State,,,Write-in,0,0,0
Franklin,Hampton 1,Secretary of State,,,Write-in,0,0,0
Franklin,Hampton 2,Secretary of State,,,Write-in,0,0,0
Franklin,Hampton 3,Secretary of State,,,Write-in,0,0,0
Franklin,Hampton 4,Secretary of State,,,Write-in,0,0,0
Franklin,Marion,Secretary of State,,,Write-in,0,0,0
Franklin,Oakland / Morgan,Secretary of State,,,Write-in,0,0,0
Franklin,Richland / Ross / West Fork,Secretary of State,,,Write-in,0,0,0
Franklin,West Mott,Secretary of State,,,Write-in,0,0,0
Franklin,Wisner / Scott,Secretary of State,,,Write-in,0,0,0
Franklin,Geneva / Ingham / East Mott,Auditor of State,,REP,Mary Mosiman,193,142,51
Franklin,Grant / Osceola,Auditor of State,,REP,Mary Mosiman,168,110,58
Franklin,Hamilton / Lee / Reeve,Auditor of State,,REP,Mary Mosiman,189,123,66
Franklin,Hampton 1,Auditor of State,,REP,Mary Mosiman,124,86,38
Franklin,Hampton 2,Auditor of State,,REP,Mary Mosiman,203,137,66
Franklin,Hampton 3,Auditor of State,,REP,Mary Mosiman,247,155,92
Franklin,Hampton 4,Auditor of State,,REP,Mary Mosiman,156,90,66
Franklin,Marion,Auditor of State,,REP,Mary Mosiman,192,144,48
Franklin,Oakland / Morgan,Auditor of State,,REP,Mary Mosiman,179,126,53
Franklin,Richland / Ross / West Fork,Auditor of State,,REP,Mary Mosiman,483,348,135
Franklin,West Mott,Auditor of State,,REP,Mary Mosiman,150,94,56
Franklin,Wisner / Scott,Auditor of State,,REP,Mary Mosiman,140,109,31
Franklin,Geneva / Ingham / East Mott,Auditor of State,,DEM,Rob Sand,107,74,33
Franklin,Grant / Osceola,Auditor of State,,DEM,Rob Sand,80,58,22
Franklin,Hamilton / Lee / Reeve,Auditor of State,,DEM,Rob Sand,92,61,31
Franklin,Hampton 1,Auditor of State,,DEM,Rob Sand,136,91,45
Franklin,Hampton 2,Auditor of State,,DEM,Rob Sand,163,96,67
Franklin,Hampton 3,Auditor of State,,DEM,Rob Sand,182,104,78
Franklin,Hampton 4,Auditor of State,,DEM,Rob Sand,166,88,78
Franklin,Marion,Auditor of State,,DEM,Rob Sand,94,62,32
Franklin,Oakland / Morgan,Auditor of State,,DEM,Rob Sand,88,57,31
Franklin,Richland / Ross / West Fork,Auditor of State,,DEM,Rob Sand,257,169,88
Franklin,West Mott,Auditor of State,,DEM,Rob Sand,57,33,24
Franklin,Wisner / Scott,Auditor of State,,DEM,Rob Sand,66,44,22
Franklin,Geneva / Ingham / East Mott,Auditor of State,,LIB,Fred Perryman,2,2,0
Franklin,Grant / Osceola,Auditor of State,,LIB,Fred Perryman,2,2,0
Franklin,Hamilton / Lee / Reeve,Auditor of State,,LIB,Fred Perryman,7,5,2
Franklin,Hampton 1,Auditor of State,,LIB,Fred Perryman,11,9,2
Franklin,Hampton 2,Auditor of State,,LIB,Fred Perryman,11,8,3
Franklin,Hampton 3,Auditor of State,,LIB,Fred Perryman,6,4,2
Franklin,Hampton 4,Auditor of State,,LIB,Fred Perryman,8,8,0
Franklin,Marion,Auditor of State,,LIB,Fred Perryman,2,1,1
Franklin,Oakland / Morgan,Auditor of State,,LIB,Fred Perryman,5,5,0
Franklin,Richland / Ross / West Fork,Auditor of State,,LIB,Fred Perryman,16,16,0
Franklin,West Mott,Auditor of State,,LIB,Fred Perryman,2,1,1
Franklin,Wisner / Scott,Auditor of State,,LIB,Fred Perryman,8,6,2
Franklin,Geneva / Ingham / East Mott,Auditor of State,,,Write-in,0,0,0
Franklin,Grant / Osceola,Auditor of State,,,Write-in,0,0,0
Franklin,Hamilton / Lee / Reeve,Auditor of State,,,Write-in,0,0,0
Franklin,Hampton 1,Auditor of State,,,Write-in,0,0,0
Franklin,Hampton 2,Auditor of State,,,Write-in,0,0,0
Franklin,Hampton 3,Auditor of State,,,Write-in,0,0,0
Franklin,Hampton 4,Auditor of State,,,Write-in,0,0,0
Franklin,Marion,Auditor of State,,,Write-in,0,0,0
Franklin,Oakland / Morgan,Auditor of State,,,Write-in,0,0,0
Franklin,Richland / Ross / West Fork,Auditor of State,,,Write-in,0,0,0
Franklin,West Mott,Auditor of State,,,Write-in,0,0,0
Franklin,Wisner / Scott,Auditor of State,,,Write-in,0,0,0
Franklin,Geneva / Ingham / East Mott,Treasurer of State,,REP,Jeremy N. Davis,176,128,48
Franklin,Grant / Osceola,Treasurer of State,,REP,Jeremy N. Davis,161,103,58
Franklin,Hamilton / Lee / Reeve,Treasurer of State,,REP,Jeremy N. Davis,182,122,60
Franklin,Hampton 1,Treasurer of State,,REP,Jeremy N. Davis,116,83,33
Franklin,Hampton 2,Treasurer of State,,REP,Jeremy N. Davis,187,126,61
Franklin,Hampton 3,Treasurer of State,,REP,Jeremy N. Davis,220,136,84
Franklin,Hampton 4,Treasurer of State,,REP,Jeremy N. Davis,137,82,55
Franklin,Marion,Treasurer of State,,REP,Jeremy N. Davis,174,135,39
Franklin,Oakland / Morgan,Treasurer of State,,REP,Jeremy N. Davis,158,110,48
Franklin,Richland / Ross / West Fork,Treasurer of State,,REP,Jeremy N. Davis,432,305,127
Franklin,West Mott,Treasurer of State,,REP,Jeremy N. Davis,124,83,41
Franklin,Wisner / Scott,Treasurer of State,,REP,Jeremy N. Davis,134,102,32
Franklin,Geneva / Ingham / East Mott,Treasurer of State,,DEM,Michael L. Fitzgerald,127,90,37
Franklin,Grant / Osceola,Treasurer of State,,DEM,Michael L. Fitzgerald,89,66,23
Franklin,Hamilton / Lee / Reeve,Treasurer of State,,DEM,Michael L. Fitzgerald,103,66,37
Franklin,Hampton 1,Treasurer of State,,DEM,Michael L. Fitzgerald,145,95,50
Franklin,Hampton 2,Treasurer of State,,DEM,Michael L. Fitzgerald,177,108,69
Franklin,Hampton 3,Treasurer of State,,DEM,Michael L. Fitzgerald,203,119,84
Franklin,Hampton 4,Treasurer of State,,DEM,Michael L. Fitzgerald,182,96,86
Franklin,Marion,Treasurer of State,,DEM,Michael L. Fitzgerald,107,67,40
Franklin,Oakland / Morgan,Treasurer of State,,DEM,Michael L. Fitzgerald,108,69,39
Franklin,Richland / Ross / West Fork,Treasurer of State,,DEM,Michael L. Fitzgerald,316,219,97
Franklin,West Mott,Treasurer of State,,DEM,Michael L. Fitzgerald,82,43,39
Franklin,Wisner / Scott,Treasurer of State,,DEM,Michael L. Fitzgerald,71,49,22
Franklin,Geneva / Ingham / East Mott,Treasurer of State,,LIB,Timothy Hird,1,1,0
Franklin,Grant / Osceola,Treasurer of State,,LIB,Timothy Hird,3,2,1
Franklin,Hamilton / Lee / Reeve,Treasurer of State,,LIB,Timothy Hird,5,3,2
Franklin,Hampton 1,Treasurer of State,,LIB,Timothy Hird,9,7,2
Franklin,Hampton 2,Treasurer of State,,LIB,Timothy Hird,6,4,2
Franklin,Hampton 3,Treasurer of State,,LIB,Timothy Hird,11,7,4
Franklin,Hampton 4,Treasurer of State,,LIB,Timothy Hird,8,8,0
Franklin,Marion,Treasurer of State,,LIB,Timothy Hird,3,2,1
Franklin,Oakland / Morgan,Treasurer of State,,LIB,Timothy Hird,6,6,0
Franklin,Richland / Ross / West Fork,Treasurer of State,,LIB,Timothy Hird,11,11,0
Franklin,West Mott,Treasurer of State,,LIB,Timothy Hird,3,3,0
Franklin,Wisner / Scott,Treasurer of State,,LIB,Timothy Hird,4,4,0
Franklin,Geneva / Ingham / East Mott,Treasurer of State,,,Write-in,1,1,0
Franklin,Grant / Osceola,Treasurer of State,,,Write-in,0,0,0
Franklin,Hamilton / Lee / Reeve,Treasurer of State,,,Write-in,0,0,0
Franklin,Hampton 1,Treasurer of State,,,Write-in,0,0,0
Franklin,Hampton 2,Treasurer of State,,,Write-in,0,0,0
Franklin,Hampton 3,Treasurer of State,,,Write-in,0,0,0
Franklin,Hampton 4,Treasurer of State,,,Write-in,0,0,0
Franklin,Marion,Treasurer of State,,,Write-in,0,0,0
Franklin,Oakland / Morgan,Treasurer of State,,,Write-in,0,0,0
Franklin,Richland / Ross / West Fork,Treasurer of State,,,Write-in,0,0,0
Franklin,West Mott,Treasurer of State,,,Write-in,0,0,0
Franklin,Wisner / Scott,Treasurer of State,,,Write-in,0,0,0
Franklin,Geneva / Ingham / East Mott,Secretary of Agriculture,,REP,Mike Naig,209,153,56
Franklin,Grant / Osceola,Secretary of Agriculture,,REP,Mike Naig,189,122,67
Franklin,Hamilton / Lee / Reeve,Secretary of Agriculture,,REP,Mike Naig,210,137,73
Franklin,Hampton 1,Secretary of Agriculture,,REP,Mike Naig,138,96,42
Franklin,Hampton 2,Secretary of Agriculture,,REP,Mike Naig,232,154,78
Franklin,Hampton 3,Secretary of Agriculture,,REP,Mike Naig,261,163,98
Franklin,Hampton 4,Secretary of Agriculture,,REP,Mike Naig,176,100,76
Franklin,Marion,Secretary of Agriculture,,REP,Mike Naig,218,163,55
Franklin,Oakland / Morgan,Secretary of Agriculture,,REP,Mike Naig,197,137,60
Franklin,Richland / Ross / West Fork,Secretary of Agriculture,,REP,Mike Naig,522,368,154
Franklin,West Mott,Secretary of Agriculture,,REP,Mike Naig,151,93,58
Franklin,Wisner / Scott,Secretary of Agriculture,,REP,Mike Naig,149,112,37
Franklin,Geneva / Ingham / East Mott,Secretary of Agriculture,,DEM,Tim Gannon,92,66,26
Franklin,Grant / Osceola,Secretary of Agriculture,,DEM,Tim Gannon,61,45,16
Franklin,Hamilton / Lee / Reeve,Secretary of Agriculture,,DEM,Tim Gannon,73,49,24
Franklin,Hampton 1,Secretary of Agriculture,,DEM,Tim Gannon,120,81,39
Franklin,Hampton 2,Secretary of Agriculture,,DEM,Tim Gannon,132,80,52
Franklin,Hampton 3,Secretary of Agriculture,,DEM,Tim Gannon,160,93,67
Franklin,Hampton 4,Secretary of Agriculture,,DEM,Tim Gannon,141,78,63
Franklin,Marion,Secretary of Agriculture,,DEM,Tim Gannon,66,38,28
Franklin,Oakland / Morgan,Secretary of Agriculture,,DEM,Tim Gannon,74,47,27
Franklin,Richland / Ross / West Fork,Secretary of Agriculture,,DEM,Tim Gannon,217,154,63
Franklin,West Mott,Secretary of Agriculture,,DEM,Tim Gannon,60,36,24
Franklin,Wisner / Scott,Secretary of Agriculture,,DEM,Tim Gannon,50,35,15
Franklin,Geneva / Ingham / East Mott,Secretary of Agriculture,,LIB,Rick Stewart,5,4,1
Franklin,Grant / Osceola,Secretary of Agriculture,,LIB,Rick Stewart,4,4,0
Franklin,Hamilton / Lee / Reeve,Secretary of Agriculture,,LIB,Rick Stewart,6,5,1
Franklin,Hampton 1,Secretary of Agriculture,,LIB,Rick Stewart,15,11,4
Franklin,Hampton 2,Secretary of Agriculture,,LIB,Rick Stewart,13,7,6
Franklin,Hampton 3,Secretary of Agriculture,,LIB,Rick Stewart,12,6,6
Franklin,Hampton 4,Secretary of Agriculture,,LIB,Rick Stewart,13,10,3
Franklin,Marion,Secretary of Agriculture,,LIB,Rick Stewart,5,5,0
Franklin,Oakland / Morgan,Secretary of Agriculture,,LIB,Rick Stewart,6,5,1
Franklin,Richland / Ross / West Fork,Secretary of Agriculture,,LIB,Rick Stewart,18,14,4
Franklin,West Mott,Secretary of Agriculture,,LIB,Rick Stewart,1,1,0
Franklin,Wisner / Scott,Secretary of Agriculture,,LIB,Rick Stewart,10,8,2
Franklin,Geneva / Ingham / East Mott,Secretary of Agriculture,,,Write-in,0,0,0
Franklin,Grant / Osceola,Secretary of Agriculture,,,Write-in,0,0,0
Franklin,Hamilton / Lee / Reeve,Secretary of Agriculture,,,Write-in,0,0,0
Franklin,Hampton 1,Secretary of Agriculture,,,Write-in,0,0,0
Franklin,Hampton 2,Secretary of Agriculture,,,Write-in,0,0,0
Franklin,Hampton 3,Secretary of Agriculture,,,Write-in,0,0,0
Franklin,Hampton 4,Secretary of Agriculture,,,Write-in,0,0,0
Franklin,Marion,Secretary of Agriculture,,,Write-in,0,0,0
Franklin,Oakland / Morgan,Secretary of Agriculture,,,Write-in,0,0,0
Franklin,Richland / Ross / West Fork,Secretary of Agriculture,,,Write-in,0,0,0
Franklin,West Mott,Secretary of Agriculture,,,Write-in,0,0,0
Franklin,Wisner / Scott,Secretary of Agriculture,,,Write-in,0,0,0
Franklin,Geneva / Ingham / East Mott,Attorney General,,DEM,Tom Miller,205,147,58
Franklin,Grant / Osceola,Attorney General,,DEM,Tom Miller,158,108,50
Franklin,Hamilton / Lee / Reeve,Attorney General,,DEM,Tom Miller,175,117,58
Franklin,Hampton 1,Attorney General,,DEM,Tom Miller,201,140,61
Franklin,Hampton 2,Attorney General,,DEM,Tom Miller,257,166,91
Franklin,Hampton 3,Attorney General,,DEM,Tom Miller,297,171,126
Franklin,Hampton 4,Attorney General,,DEM,Tom Miller,250,134,116
Franklin,Marion,Attorney General,,DEM,Tom Miller,195,131,64
Franklin,Oakland / Morgan,Attorney General,,DEM,Tom Miller,167,116,51
Franklin,Richland / Ross / West Fork,Attorney General,,DEM,Tom Miller,507,351,156
Franklin,West Mott,Attorney General,,DEM,Tom Miller,130,80,50
Franklin,Wisner / Scott,Attorney General,,DEM,Tom Miller,120,83,37
Franklin,Geneva / Ingham / East Mott,Attorney General,,LIB,Marco Battaglia,59,47,12
Franklin,Grant / Osceola,Attorney General,,LIB,Marco Battaglia,50,25,25
Franklin,Hamilton / Lee / Reeve,Attorney General,,LIB,Marco Battaglia,71,48,23
Franklin,Hampton 1,Attorney General,,LIB,Marco Battaglia,49,31,18
Franklin,Hampton 2,Attorney General,,LIB,Marco Battaglia,71,46,25
Franklin,Hampton 3,Attorney General,,LIB,Marco Battaglia,77,58,19
Franklin,Hampton 4,Attorney General,,LIB,Marco Battaglia,55,37,18
Franklin,Marion,Attorney General,,LIB,Marco Battaglia,62,52,10
Franklin,Oakland / Morgan,Attorney General,,LIB,Marco Battaglia,76,56,20
Franklin,Richland / Ross / West Fork,Attorney General,,LIB,Marco Battaglia,130,103,27
Franklin,West Mott,Attorney General,,LIB,Marco Battaglia,39,28,11
Franklin,Wisner / Scott,Attorney General,,LIB,Marco Battaglia,54,51,3
Franklin,Geneva / Ingham / East Mott,Attorney General,,,Write-in,1,1,0
Franklin,Grant / Osceola,Attorney General,,,Write-in,3,1,2
Franklin,Hamilton / Lee / Reeve,Attorney General,,,Write-in,1,1,0
Franklin,Hampton 1,Attorney General,,,Write-in,0,0,0
Franklin,Hampton 2,Attorney General,,,Write-in,3,3,0
Franklin,Hampton 3,Attorney General,,,Write-in,3,3,0
Franklin,Hampton 4,Attorney General,,,Write-in,0,0,0
Franklin,Marion,Attorney General,,,Write-in,1,1,0
Franklin,Oakland / Morgan,Attorney General,,,Write-in,0,0,0
Franklin,Richland / Ross / West Fork,Attorney General,,,Write-in,3,3,0
Franklin,West Mott,Attorney General,,,Write-in,1,0,1
Franklin,Wisner / Scott,Attorney General,,,Write-in,0,0,0
Franklin,Geneva / Ingham / East Mott,State Senator District 27,,REP,Shannon Latham,208,151,57
Franklin,Grant / Osceola,State Senator District 27,,REP,Shannon Latham,189,127,62
Franklin,Hamilton / Lee / Reeve,State Senator District 27,,REP,Shannon Latham,201,131,70
Franklin,Hampton 1,State Senator District 27,,REP,Shannon Latham,131,94,37
Franklin,Hampton 2,State Senator District 27,,REP,Shannon Latham,218,143,75
Franklin,Hampton 3,State Senator District 27,,REP,Shannon Latham,253,159,94
Franklin,Hampton 4,State Senator District 27,,REP,Shannon Latham,164,98,66
Franklin,Marion,State Senator District 27,,REP,Shannon Latham,210,159,51
Franklin,Oakland / Morgan,State Senator District 27,,REP,Shannon Latham,189,136,53
Franklin,Richland / Ross / West Fork,State Senator District 27,,REP,Shannon Latham,512,369,143
Franklin,West Mott,State Senator District 27,,REP,Shannon Latham,139,89,50
Franklin,Wisner / Scott,State Senator District 27,,REP,Shannon Latham,160,123,37
Franklin,Geneva / Ingham / East Mott,State Senator District 27,,DEM,Amanda Ragan,104,73,31
Franklin,Grant / Osceola,State Senator District 27,,DEM,Amanda Ragan,65,44,21
Franklin,Hamilton / Lee / Reeve,State Senator District 27,,DEM,Amanda Ragan,92,64,28
Franklin,Hampton 1,State Senator District 27,,DEM,Amanda Ragan,148,96,52
Franklin,Hampton 2,State Senator District 27,,DEM,Amanda Ragan,166,102,64
Franklin,Hampton 3,State Senator District 27,,DEM,Amanda Ragan,190,108,82
Franklin,Hampton 4,State Senator District 27,,DEM,Amanda Ragan,176,93,83
Franklin,Marion,State Senator District 27,,DEM,Amanda Ragan,83,50,33
Franklin,Oakland / Morgan,State Senator District 27,,DEM,Amanda Ragan,91,57,34
Franklin,Richland / Ross / West Fork,State Senator District 27,,DEM,Amanda Ragan,271,184,87
Franklin,West Mott,State Senator District 27,,DEM,Amanda Ragan,75,43,32
Franklin,Wisner / Scott,State Senator District 27,,DEM,Amanda Ragan,56,38,18
Franklin,Geneva / Ingham / East Mott,State Senator District 27,,,Write-in,0,0,0
Franklin,Grant / Osceola,State Senator District 27,,,Write-in,0,0,0
Franklin,Hamilton / Lee / Reeve,State Senator District 27,,,Write-in,0,0,0
Franklin,Hampton 1,State Senator District 27,,,Write-in,0,0,0
Franklin,Hampton 2,State Senator District 27,,,Write-in,1,1,0
Franklin,Hampton 3,State Senator District 27,,,Write-in,0,0,0
Franklin,Hampton 4,State Senator District 27,,,Write-in,1,1,0
Franklin,Marion,State Senator District 27,,,Write-in,0,0,0
Franklin,Oakland / Morgan,State Senator District 27,,,Write-in,0,0,0
Franklin,Richland / Ross / West Fork,State Senator District 27,,,Write-in,0,0,0
Franklin,West Mott,State Senator District 27,,,Write-in,0,0,0
Franklin,Wisner / Scott,State Senator District 27,,,Write-in,0,0,0
Franklin,Geneva / Ingham / East Mott,State Representative District 54,,REP,Linda Upmeyer,268,193,75
Franklin,Grant / Osceola,State Representative District 54,,REP,Linda Upmeyer,227,155,72
Franklin,Hamilton / Lee / Reeve,State Representative District 54,,REP,Linda Upmeyer,249,167,82
Franklin,Hampton 1,State Representative District 54,,REP,Linda Upmeyer,218,154,64
Franklin,Hampton 2,State Representative District 54,,REP,Linda Upmeyer,307,200,107
Franklin,Hampton 3,State Representative District 54,,REP,Linda Upmeyer,358,226,132
Franklin,Hampton 4,State Representative District 54,,REP,Linda Upmeyer,261,165,96
Franklin,Marion,State Representative District 54,,REP,Linda Upmeyer,257,192,65
Franklin,Oakland / Morgan,State Representative District 54,,REP,Linda Upmeyer,240,174,66
Franklin,Richland / Ross / West Fork,State Representative District 54,,REP,Linda Upmeyer,689,497,192
Franklin,West Mott,State Representative District 54,,REP,Linda Upmeyer,174,110,64
Franklin,Wisner / Scott,State Representative District 54,,REP,Linda Upmeyer,192,147,45
Franklin,Geneva / Ingham / East Mott,State Representative District 54,,,Write-in,2,1,1
Franklin,Grant / Osceola,State Representative District 54,,,Write-in,1,1,0
Franklin,Hamilton / Lee / Reeve,State Representative District 54,,,Write-in,2,1,1
Franklin,Hampton 1,State Representative District 54,,,Write-in,7,6,1
Franklin,Hampton 2,State Representative District 54,,,Write-in,10,8,2
Franklin,Hampton 3,State Representative District 54,,,Write-in,12,5,7
Franklin,Hampton 4,State Representative District 54,,,Write-in,10,3,7
Franklin,Marion,State Representative District 54,,,Write-in,6,3,3
Franklin,Oakland / Morgan,State Representative District 54,,,Write-in,1,1,0
Franklin,Richland / Ross / West Fork,State Representative District 54,,,Write-in,9,8,1
Franklin,West Mott,State Representative District 54,,,Write-in,7,2,5
Franklin,Wisner / Scott,State Representative District 54,,,Write-in,2,2,0
Franklin,Geneva / Ingham / East Mott,County Supervisor Dist. 1,,REP,Michael Nolte,232,171,61
Franklin,Grant / Osceola,County Supervisor Dist. 1,,REP,Michael Nolte,223,153,70
Franklin,Hampton 2,County Supervisor Dist. 1,,REP,Michael Nolte,301,190,111
Franklin,Hampton 3,County Supervisor Dist. 1,,REP,Michael Nolte,345,215,130
Franklin,Geneva / Ingham / East Mott,County Supervisor Dist. 1,,,Write-in,22,18,4
Franklin,Grant / Osceola,County Supervisor Dist. 1,,,Write-in,0,0,0
Franklin,Hampton 2,County Supervisor Dist. 1,,,Write-in,11,10,1
Franklin,Hampton 3,County Supervisor Dist. 1,,,Write-in,13,9,4
Franklin,Hamilton / Lee / Reeve,County Supervisor Dist. 2,,REP,Gary H. McVicker,253,169,84
Franklin,Hampton 1,County Supervisor Dist. 2,,REP,Gary H. McVicker,222,155,67
Franklin,Hampton 4,County Supervisor Dist. 2,,REP,Gary H. McVicker,261,161,100
Franklin,Marion,County Supervisor Dist. 2,,REP,Gary H. McVicker,256,191,65
Franklin,Hamilton / Lee / Reeve,County Supervisor Dist. 2,,,Write-in,5,4,1
Franklin,Hampton 1,County Supervisor Dist. 2,,,Write-in,5,4,1
Franklin,Hampton 4,County Supervisor Dist. 2,,,Write-in,5,3,2
Franklin,Marion,County Supervisor Dist. 2,,,Write-in,7,1,6
Franklin,Geneva / Ingham / East Mott,County Treasurer,,REP,Chad Murray,260,185,75
Franklin,Grant / Osceola,County Treasurer,,REP,Chad Murray,224,151,73
Franklin,Hamilton / Lee / Reeve,County Treasurer,,REP,Chad Murray,259,174,85
Franklin,Hampton 1,County Treasurer,,REP,Chad Murray,232,160,72
Franklin,Hampton 2,County Treasurer,,REP,Chad Murray,331,215,116
Franklin,Hampton 3,County Treasurer,,REP,Chad Murray,372,236,136
Franklin,Hampton 4,County Treasurer,,REP,Chad Murray,282,167,115
Franklin,Marion,County Treasurer,,REP,Chad Murray,268,198,70
Franklin,Oakland / Morgan,County Treasurer,,REP,Chad Murray,233,166,67
Franklin,Richland / Ross / West Fork,County Treasurer,,REP,Chad Murray,683,502,181
Franklin,West Mott,County Treasurer,,REP,Chad Murray,185,112,73
Franklin,Wisner / Scott,County Treasurer,,REP,Chad Murray,187,143,44
Franklin,Geneva / Ingham / East Mott,County Treasurer,,,Write-in,1,0,1
Franklin,Grant / Osceola,County Treasurer,,,Write-in,0,0,0
Franklin,Hamilton / Lee / Reeve,County Treasurer,,,Write-in,1,0,1
Franklin,Hampton 1,County Treasurer,,,Write-in,6,6,0
Franklin,Hampton 2,County Treasurer,,,Write-in,5,4,1
Franklin,Hampton 3,County Treasurer,,,Write-in,6,3,3
Franklin,Hampton 4,County Treasurer,,,Write-in,3,0,3
Franklin,Marion,County Treasurer,,,Write-in,2,2,0
Franklin,Oakland / Morgan,County Treasurer,,,Write-in,2,2,0
Franklin,Richland / Ross / West Fork,County Treasurer,,,Write-in,10,7,3
Franklin,West Mott,County Treasurer,,,Write-in,6,4,2
Franklin,Wisner / Scott,County Treasurer,,,Write-in,3,3,0
Franklin,Geneva / Ingham / East Mott,County Recorder,,REP,Toni Wilkinson,265,191,74
Franklin,Grant / Osceola,County Recorder,,REP,Toni Wilkinson,217,148,69
Franklin,Hamilton / Lee / Reeve,County Recorder,,REP,Toni Wilkinson,263,174,89
Franklin,Hampton 1,County Recorder,,REP,Toni Wilkinson,234,160,74
Franklin,Hampton 2,County Recorder,,REP,Toni Wilkinson,329,211,118
Franklin,Hampton 3,County Recorder,,REP,Toni Wilkinson,380,236,144
Franklin,Hampton 4,County Recorder,,REP,Toni Wilkinson,285,169,116
Franklin,Marion,County Recorder,,REP,Toni Wilkinson,270,199,71
Franklin,Oakland / Morgan,County Recorder,,REP,Toni Wilkinson,234,170,64
Franklin,Richland / Ross / West Fork,County Recorder,,REP,Toni Wilkinson,685,502,183
Franklin,West Mott,County Recorder,,REP,Toni Wilkinson,193,119,74
Franklin,Wisner / Scott,County Recorder,,REP,Toni Wilkinson,180,139,41
Franklin,Geneva / Ingham / East Mott,County Recorder,,,Write-in,0,0,0
Franklin,Grant / Osceola,County Recorder,,,Write-in,2,2,0
Franklin,Hamilton / Lee / Reeve,County Recorder,,,Write-in,1,0,1
Franklin,Hampton 1,County Recorder,,,Write-in,4,4,0
Franklin,Hampton 2,County Recorder,,,Write-in,4,3,1
Franklin,Hampton 3,County Recorder,,,Write-in,4,3,1
Franklin,Hampton 4,County Recorder,,,Write-in,2,1,1
Franklin,Marion,County Recorder,,,Write-in,1,1,0
Franklin,Oakland / Morgan,County Recorder,,,Write-in,1,1,0
Franklin,Richland / Ross / West Fork,County Recorder,,,Write-in,2,1,1
Franklin,West Mott,County Recorder,,,Write-in,1,1,0
Franklin,Wisner / Scott,County Recorder,,,Write-in,2,2,0
Franklin,Geneva / Ingham / East Mott,County Attorney,,REP,Brent J. Symens,260,186,74
Franklin,Grant / Osceola,County Attorney,,REP,Brent J. Symens,213,146,67
Franklin,Hamilton / Lee / Reeve,County Attorney,,REP,Brent J. Symens,252,170,82
Franklin,Hampton 1,County Attorney,,REP,Brent J. Symens,220,152,68
Franklin,Hampton 2,County Attorney,,REP,Brent J. Symens,313,200,113
Franklin,Hampton 3,County Attorney,,REP,Brent J. Symens,362,227,135
Franklin,Hampton 4,County Attorney,,REP,Brent J. Symens,274,163,111
Franklin,Marion,County Attorney,,REP,Brent J. Symens,255,190,65
Franklin,Oakland / Morgan,County Attorney,,REP,Brent J. Symens,223,164,59
Franklin,Richland / Ross / West Fork,County Attorney,,REP,Brent J. Symens,682,496,186
Franklin,West Mott,County Attorney,,REP,Brent J. Symens,181,114,67
Franklin,Wisner / Scott,County Attorney,,REP,Brent J. Symens,175,137,38
Franklin,Geneva / Ingham / East Mott,County Attorney,,,Write-in,3,3,0
Franklin,Grant / Osceola,County Attorney,,,Write-in,1,1,0
Franklin,Hamilton / Lee / Reeve,County Attorney,,,Write-in,3,1,2
Franklin,Hampton 1,County Attorney,,,Write-in,7,6,1
Franklin,Hampton 2,County Attorney,,,Write-in,11,8,3
Franklin,Hampton 3,County Attorney,,,Write-in,12,10,2
Franklin,Hampton 4,County Attorney,,,Write-in,4,3,1
Franklin,Marion,County Attorney,,,Write-in,4,4,0
Franklin,Oakland / Morgan,County Attorney,,,Write-in,6,4,2
Franklin,Richland / Ross / West Fork,County Attorney,,,Write-in,7,6,1
Franklin,West Mott,County Attorney,,,Write-in,4,4,0
Franklin,Wisner / Scott,County Attorney,,,Write-in,5,5,0
Franklin,Geneva / Ingham / East Mott,County Sheriff,,REP,Aaron Dodd,208,144,64
Franklin,Grant / Osceola,County Sheriff,,REP,Aaron Dodd,227,157,70
Franklin,Hamilton / Lee / Reeve,County Sheriff,,REP,Aaron Dodd,232,149,83
Franklin,Hampton 1,County Sheriff,,REP,Aaron Dodd,207,142,65
Franklin,Hampton 2,County Sheriff,,REP,Aaron Dodd,281,182,99
Franklin,Hampton 3,County Sheriff,,REP,Aaron Dodd,327,205,122
Franklin,Hampton 4,County Sheriff,,REP,Aaron Dodd,238,140,98
Franklin,Marion,County Sheriff,,REP,Aaron Dodd,246,176,70
Franklin,Oakland / Morgan,County Sheriff,,REP,Aaron Dodd,215,154,61
Franklin,Richland / Ross / West Fork,County Sheriff,,REP,Aaron Dodd,643,455,188
Franklin,West Mott,County Sheriff,,REP,Aaron Dodd,167,103,64
Franklin,Wisner / Scott,County Sheriff,,REP,Aaron Dodd,159,125,34
Franklin,Geneva / Ingham / East Mott,County Sheriff,,,Rick Reiken,64,51,13
Franklin,Grant / Osceola,County Sheriff,,,Rick Reiken,2,2,0
Franklin,Hamilton / Lee / Reeve,County Sheriff,,,Rick Reiken,24,17,7
Franklin,Hampton 1,County Sheriff,,,Rick Reiken,22,17,5
Franklin,Hampton 2,County Sheriff,,,Rick Reiken,43,28,15
Franklin,Hampton 3,County Sheriff,,,Rick Reiken,53,32,21
Franklin,Hampton 4,County Sheriff,,,Rick Reiken,32,16,16
Franklin,Marion,County Sheriff,,,Rick Reiken,24,17,7
Franklin,Oakland / Morgan,County Sheriff,,,Rick Reiken,19,14,5
Franklin,Richland / Ross / West Fork,County Sheriff,,,Rick Reiken,50,39,11
Franklin,West Mott,County Sheriff,,,Rick Reiken,20,12,8
Franklin,Wisner / Scott,County Sheriff,,,Rick Reiken,25,19,6
Franklin,Geneva / Ingham / East Mott,County Sheriff,,,Write-in,8,7,1
Franklin,Grant / Osceola,County Sheriff,,,Write-in,3,2,1
Franklin,Hamilton / Lee / Reeve,County Sheriff,,,Write-in,9,7,2
Franklin,Hampton 1,County Sheriff,,,Write-in,14,12,2
Franklin,Hampton 2,County Sheriff,,,Write-in,16,10,6
Franklin,Hampton 3,County Sheriff,,,Write-in,14,10,4
Franklin,Hampton 4,County Sheriff,,,Write-in,9,5,4
Franklin,Marion,County Sheriff,,,Write-in,1,1,0
Franklin,Oakland / Morgan,County Sheriff,,,Write-in,4,4,0
Franklin,Richland / Ross / West Fork,County Sheriff,,,Write-in,7,4,3
Franklin,West Mott,County Sheriff,,,Write-in,4,3,1
Franklin,Wisner / Scott,County Sheriff,,,Write-in,5,4,1
Franklin,Geneva / Ingham / East Mott,Geneva Township Trustee,,,Michael Hirth,53,34,19
Franklin,Geneva / Ingham / East Mott,Geneva Township Trustee,,,Kent D. Horner,57,31,26
Franklin,Geneva / Ingham / East Mott,Geneva Township Trustee,,,Write-in,1,1,0
Franklin,Geneva / Ingham / East Mott,Geneva Township Clerk,,,Cindy Horner,64,35,29
Franklin,Geneva / Ingham / East Mott,Geneva Township Clerk,,,Write-in,1,1,0
Franklin,Grant / Osceola,Grant Township Trustee,,,Marlyn Balvanz,85,72,13
Franklin,Grant / Osceola,Grant Township Trustee,,,David Kloetzer,89,75,14
Franklin,Grant / Osceola,Grant Township Trustee,,,Write-in,1,0,1
Franklin,Grant / Osceola,Grant Township Clerk,,,Jody Hesnard,1,0,1
Franklin,Grant / Osceola,Grant Township Clerk,,,Write-in,3,3,0
Franklin,Hamilton / Lee / Reeve,Hamilton Township Trustee,,,Richard Larsen,59,46,13
Franklin,Hamilton / Lee / Reeve,Hamilton Township Trustee,,,Dana Dohrmann,2,2,0
Franklin,Hamilton / Lee / Reeve,Hamilton Township Trustee,,,Write-in,4,0,4
Franklin,Hamilton / Lee / Reeve,Hamilton Township Clerk,,,Karen McVicker,62,46,16
Franklin,Hamilton / Lee / Reeve,Hamilton Township Clerk,,,Write-in,0,0,0
Franklin,Geneva / Ingham / East Mott,Ingham Township Trustee,,,Jon Baltes,64,56,8
Franklin,Geneva / Ingham / East Mott,Ingham Township Trustee,,,Clint Burmester,68,60,8
Franklin,Geneva / Ingham / East Mott,Ingham Township Trustee,,,Write-in,0,0,0
Franklin,Geneva / Ingham / East Mott,Ingham Township Clerk,,,Bev Juhl,2,2,0
Franklin,Geneva / Ingham / East Mott,Ingham Township Clerk,,,Write-in,3,3,0
Franklin,Hamilton / Lee / Reeve,Lee Township Trustee,,,Wayne Oler,47,27,20
Franklin,Hamilton / Lee / Reeve,Lee Township Trustee,,,Wyatt Ziesman,62,42,20
Franklin,Hamilton / Lee / Reeve,Lee Township Trustee,,,Chris Jess,0,0,0
Franklin,Hamilton / Lee / Reeve,Lee Township Trustee,,,Write-in,6,4,2
Franklin,Hamilton / Lee / Reeve,Lee Township Clerk,,,Joel Etnier,4,4,0
Franklin,Hamilton / Lee / Reeve,Lee Township Clerk,,,Write-in,5,0,5
Franklin,Marion,Marion Township Trustee,,,Ryan Koenen,84,56,28
Franklin,Marion,Marion Township Trustee,,,Robert Trager,80,54,26
Franklin,Marion,Marion Township Trustee,,,Write-in,2,2,0
Franklin,Marion,Marion Township Clerk,,,Dennis Abbas,93,61,32
Franklin,Marion,Marion Township Clerk,,,Write-in,0,0,0
Franklin,Oakland / Morgan,Morgan Township Trustee,,,John Coombs,94,56,38
Franklin,Oakland / Morgan,Morgan Township Trustee,,,Duane Hess,86,50,36
Franklin,Oakland / Morgan,Morgan Township Trustee,,,Write-in,0,0,0
Franklin,Oakland / Morgan,Morgan Township Clerk,,,Lynn DeSotel,99,61,38
Franklin,Oakland / Morgan,Morgan Township Clerk,,,Write-in,1,0,1
Franklin,Geneva / Ingham / East Mott,Mott Township Trustee,,,Charlie Brown,39,25,14
Franklin,West Mott,Mott Township Trustee,,,Charlie Brown,174,104,70
Franklin,Geneva / Ingham / East Mott,Mott Township Trustee,,,Steven Sliter,30,18,12
Franklin,West Mott,Mott Township Trustee,,,Steven Sliter,147,92,55
Franklin,Geneva / Ingham / East Mott,Mott Township Trustee,,,Jeff Koch,0,0,0
Franklin,West Mott,Mott Township Trustee,,,Jeff Koch,0,0,0
Franklin,Geneva / Ingham / East Mott,Mott Township Trustee,,,Write-in,0,0,0
Franklin,West Mott,Mott Township Trustee,,,Write-in,1,1,0
Franklin,Geneva / Ingham / East Mott,Mott Township Clerk,,,Larry P. Miller,40,26,14
Franklin,West Mott,Mott Township Clerk,,,Larry P. Miller,166,106,60
Franklin,Geneva / Ingham / East Mott,Mott Township Clerk,,,Bruce Behn,0,0,0
Franklin,West Mott,Mott Township Clerk,,,Bruce Behn,0,0,0
Franklin,Geneva / Ingham / East Mott,Mott Township Clerk,,,Write-in,0,0,0
Franklin,West Mott,Mott Township Clerk,,,Write-in,1,1,0
Franklin,Oakland / Morgan,Oakland Township Trustee,,,Brett Anderson,1,1,0
Franklin,Oakland / Morgan,Oakland Township Trustee,,,Aaron Widmann,1,1,0
Franklin,Oakland / Morgan,Oakland Township Trustee,,,Write-in,3,3,0
Franklin,Oakland / Morgan,Oakland Township Clerk,,,Rachel Rollene,1,1,0
Franklin,Oakland / Morgan,Oakland Township Clerk,,,Write-in,2,2,0
Franklin,Grant / Osceola,Osceola Township Trustee,,,Mike Keninger,93,51,42
Franklin,Grant / Osceola,Osceola Township Trustee,,,Patricia Hofmeister,2,2,0
Franklin,Grant / Osceola,Osceola Township Trustee,,,Write-in,4,1,3
Franklin,Grant / Osceola,Osceola Township Clerk,,,Angela Scallon,91,50,41
Franklin,Grant / Osceola,Osceola Township Clerk,,,Write-in,1,1,0
Franklin,Hamilton / Lee / Reeve,Reeve Township Trustee,,,William Burkle,108,67,41
Franklin,Hamilton / Lee / Reeve,Reeve Township Trustee,,,Marvin Janssen,127,80,47
Franklin,Hamilton / Lee / Reeve,Reeve Township Trustee,,,Write-in,0,0,0
Franklin,Hamilton / Lee / Reeve,Reeve Township Clerk,,,April Hemmes,130,82,48
Franklin,Hamilton / Lee / Reeve,Reeve Township Clerk,,,Write-in,1,1,0
Franklin,Richland / Ross / West Fork,Richland Township Trustee,,,A. J. Schaefer,81,42,39
Franklin,Richland / Ross / West Fork,Richland Township Trustee,,,Scott Heilskov,2,2,0
Franklin,Richland / Ross / West Fork,Richland Township Trustee,,,Write-in,5,2,3
Franklin,Richland / Ross / West Fork,Richland Township Clerk,,,Mavis Meyer,83,41,42
Franklin,Richland / Ross / West Fork,Richland Township Clerk,,,Write-in,0,0,0
Franklin,Richland / Ross / West Fork,Ross Township Trustee,,,David J. Dannen,90,64,26
Franklin,Richland / Ross / West Fork,Ross Township Trustee,,,Myron J. Van Horn,97,60,37
Franklin,Richland / Ross / West Fork,Ross Township Trustee,,,Write-in,2,2,0
Franklin,Richland / Ross / West Fork,Ross Township Clerk,,,Judith Dannen,112,76,36
Franklin,Richland / Ross / West Fork,Ross Township Clerk,,,Write-in,1,1,0
Franklin,Wisner / Scott,Scott Township Trustee,,,Jerry Passehl,55,40,15
Franklin,Wisner / Scott,Scott Township Trustee,,,Dennis Vanness,72,52,20
Franklin,Wisner / Scott,Scott Township Trustee,,,Write-in,1,1,0
Franklin,Wisner / Scott,Scott Township Clerk,,,Eric Pluff,75,54,21
Franklin,Wisner / Scott,Scott Township Clerk,,,Write-in,0,0,0
Franklin,Wisner / Scott,Scott Township Trustee,To Fill a Vacancy,,Matt Abbas,1,1,0
Franklin,Wisner / Scott,Scott Township Trustee,To Fill a Vacancy,,Write-in,2,2,0
Franklin,Richland / Ross / West Fork,West Fork Township Trustee,,,Steve Kappen,5,5,0
Franklin,Richland / Ross / West Fork,West Fork Township Trustee,,,Dave Alden,4,4,0
Franklin,Richland / Ross / West Fork,West Fork Township Trustee,,,Write-in,5,4,1
Franklin,Richland / Ross / West Fork,West Fork Township Clerk,,,Pamela Meints,55,42,13
Franklin,Richland / Ross / West Fork,West Fork Township Clerk,,,Write-in,0,0,0
Franklin,Wisner / Scott,Wisner Township Trustee,,,Wayne Eckhoff,52,37,15
Franklin,Wisner / Scott,Wisner Township Trustee,,,Paul Flint,37,25,12
Franklin,Wisner / Scott,Wisner Township Trustee,,,Write-in,2,2,0
Franklin,Wisner / Scott,Wisner Township Clerk,,,Steven Bruns,58,42,16
Franklin,Wisner / Scott,Wisner Township Clerk,,,Write-in,0,0,0
Franklin,Geneva / Ingham / East Mott,Hospital Board of Trustees,,,Kathryn Atkinson,187,136,51
Franklin,Grant / Osceola,Hospital Board of Trustees,,,Kathryn Atkinson,138,93,45
Franklin,Hamilton / Lee / Reeve,Hospital Board of Trustees,,,Kathryn Atkinson,181,125,56
Franklin,Hampton 1,Hospital Board of Trustees,,,Kathryn Atkinson,185,126,59
Franklin,Hampton 2,Hospital Board of Trustees,,,Kathryn Atkinson,270,169,101
Franklin,Hampton 3,Hospital Board of Trustees,,,Kathryn Atkinson,310,192,118
Franklin,Hampton 4,Hospital Board of Trustees,,,Kathryn Atkinson,238,137,101
Franklin,Marion,Hospital Board of Trustees,,,Kathryn Atkinson,205,149,56
Franklin,Oakland / Morgan,Hospital Board of Trustees,,,Kathryn Atkinson,159,116,43
Franklin,Richland / Ross / West Fork,Hospital Board of Trustees,,,Kathryn Atkinson,484,357,127
Franklin,West Mott,Hospital Board of Trustees,,,Kathryn Atkinson,148,93,55
Franklin,Wisner / Scott,Hospital Board of Trustees,,,Kathryn Atkinson,117,94,23
Franklin,Geneva / Ingham / East Mott,Hospital Board of Trustees,,,Vicki Claypool,187,133,54
Franklin,Grant / Osceola,Hospital Board of Trustees,,,Vicki Claypool,135,91,44
Franklin,Hamilton / Lee / Reeve,Hospital Board of Trustees,,,Vicki Claypool,196,137,59
Franklin,Hampton 1,Hospital Board of Trustees,,,Vicki Claypool,206,145,61
Franklin,Hampton 2,Hospital Board of Trustees,,,Vicki Claypool,275,179,96
Franklin,Hampton 3,Hospital Board of Trustees,,,Vicki Claypool,319,199,120
Franklin,Hampton 4,Hospital Board of Trustees,,,Vicki Claypool,236,127,109
Franklin,Marion,Hospital Board of Trustees,,,Vicki Claypool,204,149,55
Franklin,Oakland / Morgan,Hospital Board of Trustees,,,Vicki Claypool,161,118,43
Franklin,Richland / Ross / West Fork,Hospital Board of Trustees,,,Vicki Claypool,476,346,130
Franklin,West Mott,Hospital Board of Trustees,,,Vicki Claypool,154,92,62
Franklin,Wisner / Scott,Hospital Board of Trustees,,,Vicki Claypool,112,91,21
Franklin,Geneva / Ingham / East Mott,Hospital Board of Trustees,,,John Trewin,168,122,46
Franklin,Grant / Osceola,Hospital Board of Trustees,,,John Trewin,123,79,44
Franklin,Hamilton / Lee / Reeve,Hospital Board of Trustees,,,John Trewin,184,126,58
Franklin,Hampton 1,Hospital Board of Trustees,,,John Trewin,180,122,58
Franklin,Hampton 2,Hospital Board of Trustees,,,John Trewin,257,169,88
Franklin,Hampton 3,Hospital Board of Trustees,,,John Trewin,292,178,114
Franklin,Hampton 4,Hospital Board of Trustees,,,John Trewin,215,115,100
Franklin,Marion,Hospital Board of Trustees,,,John Trewin,204,147,57
Franklin,Oakland / Morgan,Hospital Board of Trustees,,,John Trewin,174,120,54
Franklin,Richland / Ross / West Fork,Hospital Board of Trustees,,,John Trewin,576,416,160
Franklin,West Mott,Hospital Board of Trustees,,,John Trewin,140,85,55
Franklin,Wisner / Scott,Hospital Board of Trustees,,,John Trewin,110,91,19
Franklin,Geneva / Ingham / East Mott,Hospital Board of Trustees,,,Write-in,5,3,2
Franklin,Grant / Osceola,Hospital Board of Trustees,,,Write-in,5,4,1
Franklin,Hamilton / Lee / Reeve,Hospital Board of Trustees,,,Write-in,0,0,0
Franklin,Hampton 1,Hospital Board of Trustees,,,Write-in,4,1,3
Franklin,Hampton 2,Hospital Board of Trustees,,,Write-in,7,6,1
Franklin,Hampton 3,Hospital Board of Trustees,,,Write-in,10,5,5
Franklin,Hampton 4,Hospital Board of Trustees,,,Write-in,5,3,2
Franklin,Marion,Hospital Board of Trustees,,,Write-in,7,7,0
Franklin,Oakland / Morgan,Hospital Board of Trustees,,,Write-in,0,0,0
Franklin,Richland / Ross / West Fork,Hospital Board of Trustees,,,Write-in,2,2,0
Franklin,West Mott,Hospital Board of Trustees,,,Write-in,1,0,1
Franklin,Wisner / Scott,Hospital Board of Trustees,,,Write-in,1,1,0
Franklin,Geneva / Ingham / East Mott,Soil and Water Conservation Commissioners,,,Ben Abbas,215,155,60
Franklin,Grant / Osceola,Soil and Water Conservation Commissioners,,,Ben Abbas,160,109,51
Franklin,Hamilton / Lee / Reeve,Soil and Water Conservation Commissioners,,,Ben Abbas,212,150,62
Franklin,Hampton 1,Soil and Water Conservation Commissioners,,,Ben Abbas,202,143,59
Franklin,Hampton 2,Soil and Water Conservation Commissioners,,,Ben Abbas,270,178,92
Franklin,Hampton 3,Soil and Water Conservation Commissioners,,,Ben Abbas,329,210,119
Franklin,Hampton 4,Soil and Water Conservation Commissioners,,,Ben Abbas,241,143,98
Franklin,Marion,Soil and Water Conservation Commissioners,,,Ben Abbas,241,177,64
Franklin,Oakland / Morgan,Soil and Water Conservation Commissioners,,,Ben Abbas,192,138,54
Franklin,Richland / Ross / West Fork,Soil and Water Conservation Commissioners,,,Ben Abbas,550,408,142
Franklin,West Mott,Soil and Water Conservation Commissioners,,,Ben Abbas,167,104,63
Franklin,Wisner / Scott,Soil and Water Conservation Commissioners,,,Ben Abbas,140,112,28
Franklin,Geneva / Ingham / East Mott,Soil and Water Conservation Commissioners,,,Katherine Wolf,171,129,42
Franklin,Grant / Osceola,Soil and Water Conservation Commissioners,,,Katherine Wolf,130,88,42
Franklin,Hamilton / Lee / Reeve,Soil and Water Conservation Commissioners,,,Katherine Wolf,192,130,62
Franklin,Hampton 1,Soil and Water Conservation Commissioners,,,Katherine Wolf,163,112,51
Franklin,Hampton 2,Soil and Water Conservation Commissioners,,,Katherine Wolf,240,150,90
Franklin,Hampton 3,Soil and Water Conservation Commissioners,,,Katherine Wolf,267,170,97
Franklin,Hampton 4,Soil and Water Conservation Commissioners,,,Katherine Wolf,204,108,96
Franklin,Marion,Soil and Water Conservation Commissioners,,,Katherine Wolf,195,142,53
Franklin,Oakland / Morgan,Soil and Water Conservation Commissioners,,,Katherine Wolf,151,110,41
Franklin,Richland / Ross / West Fork,Soil and Water Conservation Commissioners,,,Katherine Wolf,466,336,130
Franklin,West Mott,Soil and Water Conservation Commissioners,,,Katherine Wolf,136,85,51
Franklin,Wisner / Scott,Soil and Water Conservation Commissioners,,,Katherine Wolf,103,85,18
Franklin,Geneva / Ingham / East Mott,Soil and Water Conservation Commissioners,,,Write-in,1,1,0
Franklin,Grant / Osceola,Soil and Water Conservation Commissioners,,,Write-in,0,0,0
Franklin,Hamilton / Lee / Reeve,Soil and Water Conservation Commissioners,,,Write-in,0,0,0
Franklin,Hampton 1,Soil and Water Conservation Commissioners,,,Write-in,2,0,2
Franklin,Hampton 2,Soil and Water Conservation Commissioners,,,Write-in,2,2,0
Franklin,Hampton 3,Soil and Water Conservation Commissioners,,,Write-in,5,2,3
Franklin,Hampton 4,Soil and Water Conservation Commissioners,,,Write-in,1,1,0
Franklin,Marion,Soil and Water Conservation Commissioners,,,Write-in,2,2,0
Franklin,Oakland / Morgan,Soil and Water Conservation Commissioners,,,Write-in,1,1,0
Franklin,Richland / Ross / West Fork,Soil and Water Conservation Commissioners,,,Write-in,0,0,0
Franklin,West Mott,Soil and Water Conservation Commissioners,,,Write-in,0,0,0
Franklin,Wisner / Scott,Soil and Water Conservation Commissioners,,,Write-in,0,0,0
Franklin,Geneva / Ingham / East Mott,County Ag Extension Council,,,Melissa Crawford,163,118,45
Franklin,Grant / Osceola,County Ag Extension Council,,,Melissa Crawford,139,95,44
Franklin,Hamilton / Lee / Reeve,County Ag Extension Council,,,Melissa Crawford,187,129,58
Franklin,Hampton 1,County Ag Extension Council,,,Melissa Crawford,175,121,54
Franklin,Hampton 2,County Ag Extension Council,,,Melissa Crawford,243,157,86
Franklin,Hampton 3,County Ag Extension Council,,,Melissa Crawford,280,178,102
Franklin,Hampton 4,County Ag Extension Council,,,Melissa Crawford,200,114,86
Franklin,Marion,County Ag Extension Council,,,Melissa Crawford,193,145,48
Franklin,Oakland / Morgan,County Ag Extension Council,,,Melissa Crawford,153,111,42
Franklin,Richland / Ross / West Fork,County Ag Extension Council,,,Melissa Crawford,446,323,123
Franklin,West Mott,County Ag Extension Council,,,Melissa Crawford,123,77,46
Franklin,Wisner / Scott,County Ag Extension Council,,,Melissa Crawford,110,88,22
Franklin,Geneva / Ingham / East Mott,County Ag Extension Council,,,Pamela Meints,170,123,47
Franklin,Grant / Osceola,County Ag Extension Council,,,Pamela Meints,128,84,44
Franklin,Hamilton / Lee / Reeve,County Ag Extension Council,,,Pamela Meints,182,127,55
Franklin,Hampton 1,County Ag Extension Council,,,Pamela Meints,172,119,53
Franklin,Hampton 2,County Ag Extension Council,,,Pamela Meints,229,149,80
Franklin,Hampton 3,County Ag Extension Council,,,Pamela Meints,266,166,100
Franklin,Hampton 4,County Ag Extension Council,,,Pamela Meints,196,110,86
Franklin,Marion,County Ag Extension Council,,,Pamela Meints,195,146,49
Franklin,Oakland / Morgan,County Ag Extension Council,,,Pamela Meints,143,104,39
Franklin,Richland / Ross / West Fork,County Ag Extension Council,,,Pamela Meints,546,395,151
Franklin,West Mott,County Ag Extension Council,,,Pamela Meints,120,73,47
Franklin,Wisner / Scott,County Ag Extension Council,,,Pamela Meints,115,94,21
Franklin,Geneva / Ingham / East Mott,County Ag Extension Council,,,David R. Pingel,168,124,44
Franklin,Grant / Osceola,County Ag Extension Council,,,David R. Pingel,133,85,48
Franklin,Hamilton / Lee / Reeve,County Ag Extension Council,,,David R. Pingel,195,135,60
Franklin,Hampton 1,County Ag Extension Council,,,David R. Pingel,172,119,53
Franklin,Hampton 2,County Ag Extension Council,,,David R. Pingel,229,150,79
Franklin,Hampton 3,County Ag Extension Council,,,David R. Pingel,272,168,104
Franklin,Hampton 4,County Ag Extension Council,,,David R. Pingel,196,102,94
Franklin,Marion,County Ag Extension Council,,,David R. Pingel,216,157,59
Franklin,Oakland / Morgan,County Ag Extension Council,,,David R. Pingel,157,114,43
Franklin,Richland / Ross / West Fork,County Ag Extension Council,,,David R. Pingel,437,320,117
Franklin,West Mott,County Ag Extension Council,,,David R. Pingel,132,84,48
Franklin,Wisner / Scott,County Ag Extension Council,,,David R. Pingel,115,90,25
Franklin,Geneva / Ingham / East Mott,County Ag Extension Council,,,Kari Subbert,154,115,39
Franklin,Grant / Osceola,County Ag Extension Council,,,Kari Subbert,121,76,45
Franklin,Hamilton / Lee / Reeve,County Ag Extension Council,,,Kari Subbert,185,128,57
Franklin,Hampton 1,County Ag Extension Council,,,Kari Subbert,170,115,55
Franklin,Hampton 2,County Ag Extension Council,,,Kari Subbert,233,155,78
Franklin,Hampton 3,County Ag Extension Council,,,Kari Subbert,265,170,95
Franklin,Hampton 4,County Ag Extension Council,,,Kari Subbert,191,106,85
Franklin,Marion,County Ag Extension Council,,,Kari Subbert,192,143,49
Franklin,Oakland / Morgan,County Ag Extension Council,,,Kari Subbert,138,101,37
Franklin,Richland / Ross / West Fork,County Ag Extension Council,,,Kari Subbert,412,295,117
Franklin,West Mott,County Ag Extension Council,,,Kari Subbert,126,78,48
Franklin,Wisner / Scott,County Ag Extension Council,,,Kari Subbert,103,83,20
Franklin,Geneva / Ingham / East Mott,County Ag Extension Council,,,Gary Stenzel,0,0,0
Franklin,Grant / Osceola,County Ag Extension Council,,,Gary Stenzel,0,0,0
Franklin,Hamilton / Lee / Reeve,County Ag Extension Council,,,Gary Stenzel,2,1,1
Franklin,Hampton 1,County Ag Extension Council,,,Gary Stenzel,0,0,0
Franklin,Hampton 2,County Ag Extension Council,,,Gary Stenzel,2,2,0
Franklin,Hampton 3,County Ag Extension Council,,,Gary Stenzel,0,0,0
Franklin,Hampton 4,County Ag Extension Council,,,Gary Stenzel,0,0,0
Franklin,Marion,County Ag Extension Council,,,Gary Stenzel,0,0,0
Franklin,Oakland / Morgan,County Ag Extension Council,,,Gary Stenzel,0,0,0
Franklin,Richland / Ross / West Fork,County Ag Extension Council,,,Gary Stenzel,2,2,0
Franklin,West Mott,County Ag Extension Council,,,Gary Stenzel,0,0,0
Franklin,Wisner / Scott,County Ag Extension Council,,,Gary Stenzel,0,0,0
Franklin,Geneva / Ingham / East Mott,County Ag Extension Council,,,Write-in,6,5,1
Franklin,Grant / Osceola,County Ag Extension Council,,,Write-in,8,5,3
Franklin,Hamilton / Lee / Reeve,County Ag Extension Council,,,Write-in,4,4,0
Franklin,Hampton 1,County Ag Extension Council,,,Write-in,12,4,8
Franklin,Hampton 2,County Ag Extension Council,,,Write-in,12,10,2
Franklin,Hampton 3,County Ag Extension Council,,,Write-in,10,7,3
Franklin,Hampton 4,County Ag Extension Council,,,Write-in,15,5,10
Franklin,Marion,County Ag Extension Council,,,Write-in,13,10,3
Franklin,Oakland / Morgan,County Ag Extension Council,,,Write-in,6,5,1
Franklin,Richland / Ross / West Fork,County Ag Extension Council,,,Write-in,18,12,6
Franklin,West Mott,County Ag Extension Council,,,Write-in,4,2,2
Franklin,Wisner / Scott,County Ag Extension Council,,,Write-in,6,5,1
Franklin,Geneva / Ingham / East Mott,Court of Appeals Judge Michael R. Mullins,,,Yes,173,127,46
Franklin,Grant / Osceola,Court of Appeals Judge Michael R. Mullins,,,Yes,134,89,45
Franklin,Hamilton / Lee / Reeve,Court of Appeals Judge Michael R. Mullins,,,Yes,159,107,52
Franklin,Hampton 1,Court of Appeals Judge Michael R. Mullins,,,Yes,180,120,60
Franklin,Hampton 2,Court of Appeals Judge Michael R. Mullins,,,Yes,247,156,91
Franklin,Hampton 3,Court of Appeals Judge Michael R. Mullins,,,Yes,277,173,104
Franklin,Hampton 4,Court of Appeals Judge Michael R. Mullins,,,Yes,209,123,86
Franklin,Marion,Court of Appeals Judge Michael R. Mullins,,,Yes,187,135,52
Franklin,Oakland / Morgan,Court of Appeals Judge Michael R. Mullins,,,Yes,139,89,50
Franklin,Richland / Ross / West Fork,Court of Appeals Judge Michael R. Mullins,,,Yes,475,345,130
Franklin,West Mott,Court of Appeals Judge Michael R. Mullins,,,Yes,133,87,46
Franklin,Wisner / Scott,Court of Appeals Judge Michael R. Mullins,,,Yes,106,80,26
Franklin,Geneva / Ingham / East Mott,Court of Appeals Judge Michael R. Mullins,,,No,35,26,9
Franklin,Grant / Osceola,Court of Appeals Judge Michael R. Mullins,,,No,44,28,16
Franklin,Hamilton / Lee / Reeve,Court of Appeals Judge Michael R. Mullins,,,No,61,43,18
Franklin,Hampton 1,Court of Appeals Judge Michael R. Mullins,,,No,38,29,9
Franklin,Hampton 2,Court of Appeals Judge Michael R. Mullins,,,No,50,39,11
Franklin,Hampton 3,Court of Appeals Judge Michael R. Mullins,,,No,61,43,18
Franklin,Hampton 4,Court of Appeals Judge Michael R. Mullins,,,No,40,22,18
Franklin,Marion,Court of Appeals Judge Michael R. Mullins,,,No,40,33,7
Franklin,Oakland / Morgan,Court of Appeals Judge Michael R. Mullins,,,No,55,48,7
Franklin,Richland / Ross / West Fork,Court of Appeals Judge Michael R. Mullins,,,No,94,68,26
Franklin,West Mott,Court of Appeals Judge Michael R. Mullins,,,No,14,10,4
Franklin,Wisner / Scott,Court of Appeals Judge Michael R. Mullins,,,No,43,37,6
Franklin,Geneva / Ingham / East Mott,Court of Appeals Judge Mary Ellen Tabor,,,Yes,161,117,44
Franklin,Grant / Osceola,Court of Appeals Judge Mary Ellen Tabor,,,Yes,120,79,41
Franklin,Hamilton / Lee / Reeve,Court of Appeals Judge Mary Ellen Tabor,,,Yes,159,109,50
Franklin,Hampton 1,Court of Appeals Judge Mary Ellen Tabor,,,Yes,173,120,53
Franklin,Hampton 2,Court of Appeals Judge Mary Ellen Tabor,,,Yes,245,157,88
Franklin,Hampton 3,Court of Appeals Judge Mary Ellen Tabor,,,Yes,274,172,102
Franklin,Hampton 4,Court of Appeals Judge Mary Ellen Tabor,,,Yes,203,120,83
Franklin,Marion,Court of Appeals Judge Mary Ellen Tabor,,,Yes,176,125,51
Franklin,Oakland / Morgan,Court of Appeals Judge Mary Ellen Tabor,,,Yes,132,86,46
Franklin,Richland / Ross / West Fork,Court of Appeals Judge Mary Ellen Tabor,,,Yes,457,333,124
Franklin,West Mott,Court of Appeals Judge Mary Ellen Tabor,,,Yes,127,83,44
Franklin,Wisner / Scott,Court of Appeals Judge Mary Ellen Tabor,,,Yes,101,76,25
Franklin,Geneva / Ingham / East Mott,Court of Appeals Judge Mary Ellen Tabor,,,No,43,30,13
Franklin,Grant / Osceola,Court of Appeals Judge Mary Ellen Tabor,,,No,56,38,18
Franklin,Hamilton / Lee / Reeve,Court of Appeals Judge Mary Ellen Tabor,,,No,59,40,19
Franklin,Hampton 1,Court of Appeals Judge Mary Ellen Tabor,,,No,39,25,14
Franklin,Hampton 2,Court of Appeals Judge Mary Ellen Tabor,,,No,46,33,13
Franklin,Hampton 3,Court of Appeals Judge Mary Ellen Tabor,,,No,55,38,17
Franklin,Hampton 4,Court of Appeals Judge Mary Ellen Tabor,,,No,41,21,20
Franklin,Marion,Court of Appeals Judge Mary Ellen Tabor,,,No,46,38,8
Franklin,Oakland / Morgan,Court of Appeals Judge Mary Ellen Tabor,,,No,61,50,11
Franklin,Richland / Ross / West Fork,Court of Appeals Judge Mary Ellen Tabor,,,No,105,76,29
Franklin,West Mott,Court of Appeals Judge Mary Ellen Tabor,,,No,22,13,9
Franklin,Wisner / Scott,Court of Appeals Judge Mary Ellen Tabor,,,No,46,40,6
Franklin,Geneva / Ingham / East Mott,Court of Appeals Judge Anuradha Vaitheswaran,,,Yes,138,107,31
Franklin,Grant / Osceola,Court of Appeals Judge Anuradha Vaitheswaran,,,Yes,113,77,36
Franklin,Hamilton / Lee / Reeve,Court of Appeals Judge Anuradha Vaitheswaran,,,Yes,147,103,44
Franklin,Hampton 1,Court of Appeals Judge Anuradha Vaitheswaran,,,Yes,163,111,52
Franklin,Hampton 2,Court of Appeals Judge Anuradha Vaitheswaran,,,Yes,227,145,82
Franklin,Hampton 3,Court of Appeals Judge Anuradha Vaitheswaran,,,Yes,258,163,95
Franklin,Hampton 4,Court of Appeals Judge Anuradha Vaitheswaran,,,Yes,191,112,79
Franklin,Marion,Court of Appeals Judge Anuradha Vaitheswaran,,,Yes,168,118,50
Franklin,Oakland / Morgan,Court of Appeals Judge Anuradha Vaitheswaran,,,Yes,122,80,42
Franklin,Richland / Ross / West Fork,Court of Appeals Judge Anuradha Vaitheswaran,,,Yes,409,296,113
Franklin,West Mott,Court of Appeals Judge Anuradha Vaitheswaran,,,Yes,114,75,39
Franklin,Wisner / Scott,Court of Appeals Judge Anuradha Vaitheswaran,,,Yes,90,71,19
Franklin,Geneva / Ingham / East Mott,Court of Appeals Judge Anuradha Vaitheswaran,,,No,64,41,23
Franklin,Grant / Osceola,Court of Appeals Judge Anuradha Vaitheswaran,,,No,64,39,25
Franklin,Hamilton / Lee / Reeve,Court of Appeals Judge Anuradha Vaitheswaran,,,No,70,47,23
Franklin,Hampton 1,Court of Appeals Judge Anuradha Vaitheswaran,,,No,47,30,17
Franklin,Hampton 2,Court of Appeals Judge Anuradha Vaitheswaran,,,No,66,46,20
Franklin,Hampton 3,Court of Appeals Judge Anuradha Vaitheswaran,,,No,70,48,22
Franklin,Hampton 4,Court of Appeals Judge Anuradha Vaitheswaran,,,No,57,33,24
Franklin,Marion,Court of Appeals Judge Anuradha Vaitheswaran,,,No,51,43,8
Franklin,Oakland / Morgan,Court of Appeals Judge Anuradha Vaitheswaran,,,No,70,54,16
Franklin,Richland / Ross / West Fork,Court of Appeals Judge Anuradha Vaitheswaran,,,No,144,107,37
Franklin,West Mott,Court of Appeals Judge Anuradha Vaitheswaran,,,No,30,19,11
Franklin,Wisner / Scott,Court of Appeals Judge Anuradha Vaitheswaran,,,No,53,44,9
Franklin,Geneva / Ingham / East Mott,District 2A District JudgeRustin Davenport,,,Yes,165,124,41
Franklin,Grant / Osceola,District 2A District JudgeRustin Davenport,,,Yes,126,84,42
Franklin,Hamilton / Lee / Reeve,District 2A District JudgeRustin Davenport,,,Yes,162,112,50
Franklin,Hampton 1,District 2A District JudgeRustin Davenport,,,Yes,167,121,46
Franklin,Hampton 2,District 2A District JudgeRustin Davenport,,,Yes,242,154,88
Franklin,Hampton 3,District 2A District JudgeRustin Davenport,,,Yes,268,168,100
Franklin,Hampton 4,District 2A District JudgeRustin Davenport,,,Yes,208,120,88
Franklin,Marion,District 2A District JudgeRustin Davenport,,,Yes,178,127,51
Franklin,Oakland / Morgan,District 2A District JudgeRustin Davenport,,,Yes,130,86,44
Franklin,Richland / Ross / West Fork,District 2A District JudgeRustin Davenport,,,Yes,452,324,128
Franklin,West Mott,District 2A District JudgeRustin Davenport,,,Yes,127,85,42
Franklin,Wisner / Scott,District 2A District JudgeRustin Davenport,,,Yes,111,84,27
Franklin,Geneva / Ingham / East Mott,District 2A District JudgeRustin Davenport,,,No,44,29,15
Franklin,Grant / Osceola,District 2A District JudgeRustin Davenport,,,No,51,34,17
Franklin,Hamilton / Lee / Reeve,District 2A District JudgeRustin Davenport,,,No,61,43,18
Franklin,Hampton 1,District 2A District JudgeRustin Davenport,,,No,44,24,20
Franklin,Hampton 2,District 2A District JudgeRustin Davenport,,,No,50,38,12
Franklin,Hampton 3,District 2A District JudgeRustin Davenport,,,No,64,44,20
Franklin,Hampton 4,District 2A District JudgeRustin Davenport,,,No,41,24,17
Franklin,Marion,District 2A District JudgeRustin Davenport,,,No,47,38,9
Franklin,Oakland / Morgan,District 2A District JudgeRustin Davenport,,,No,61,50,11
Franklin,Richland / Ross / West Fork,District 2A District JudgeRustin Davenport,,,No,107,82,25
Franklin,West Mott,District 2A District JudgeRustin Davenport,,,No,15,10,5
Franklin,Wisner / Scott,District 2A District JudgeRustin Davenport,,,No,38,34,4
Franklin,Geneva / Ingham / East Mott,District 2A District Judge James M. Drew,,,Yes,235,177,58
Franklin,Grant / Osceola,District 2A District Judge James M. Drew,,,Yes,141,95,46
Franklin,Hamilton / Lee / Reeve,District 2A District Judge James M. Drew,,,Yes,219,144,75
Franklin,Hampton 1,District 2A District Judge James M. Drew,,,Yes,222,152,70
Franklin,Hampton 2,District 2A District Judge James M. Drew,,,Yes,323,205,118
Franklin,Hampton 3,District 2A District Judge James M. Drew,,,Yes,370,218,152
Franklin,Hampton 4,District 2A District Judge James M. Drew,,,Yes,281,161,120
Franklin,Marion,District 2A District Judge James M. Drew,,,Yes,227,160,67
Franklin,Oakland / Morgan,District 2A District Judge James M. Drew,,,Yes,169,111,58
Franklin,Richland / Ross / West Fork,District 2A District Judge James M. Drew,,,Yes,562,396,166
Franklin,West Mott,District 2A District Judge James M. Drew,,,Yes,186,114,72
Franklin,Wisner / Scott,District 2A District Judge James M. Drew,,,Yes,139,105,34
Franklin,Geneva / Ingham / East Mott,District 2A District Judge James M. Drew,,,No,24,14,10
Franklin,Grant / Osceola,District 2A District Judge James M. Drew,,,No,43,29,14
Franklin,Hamilton / Lee / Reeve,District 2A District Judge James M. Drew,,,No,40,27,13
Franklin,Hampton 1,District 2A District Judge James M. Drew,,,No,26,18,8
Franklin,Hampton 2,District 2A District Judge James M. Drew,,,No,25,20,5
Franklin,Hampton 3,District 2A District Judge James M. Drew,,,No,33,26,7
Franklin,Hampton 4,District 2A District Judge James M. Drew,,,No,19,9,10
Franklin,Marion,District 2A District Judge James M. Drew,,,No,27,22,5
Franklin,Oakland / Morgan,District 2A District Judge James M. Drew,,,No,43,40,3
Franklin,Richland / Ross / West Fork,District 2A District Judge James M. Drew,,,No,69,57,12
Franklin,West Mott,District 2A District Judge James M. Drew,,,No,9,7,2
Franklin,Wisner / Scott,District 2A District Judge James M. Drew,,,No,27,24,3
Franklin,Richland / Ross / West Fork,Sheffield Public Measure A,,,Yes,400,293,107
Franklin,Richland / Ross / West Fork,Sheffield Public Measure A,,,No,41,37,4
