office,district,candidate,party,reporting_level,jurisdiction,vote_type,votes
President/Vice President,,Total,,county,Woodbury,,45292
President/Vice President,,Over Votes,,county,Woodbury,,137
President/Vice President,,Under Votes,,county,Woodbury,,136
President/Vice President,,Write-In,,county,Woodbury,,306
President/Vice President,,Jerry Litzel / Jim Litzel,Nominated by Petition,county,Woodbury,,21
President/Vice President,,James Harris / Alyson Kennedy,Socialist Workers Party,county,Woodbury,,14
President/Vice President,,Gloria LaRiva / Stefanie Beacham,Party for Socialism and Liberation,county,Woodbury,,16
President/Vice President,,Gary Johnson / James P. Gray,Libertarian,county,Woodbury,,334
President/Vice President,,Jill Stein / Cheri Honkala,Iowa Green Party,county,Woodbury,,91
President/Vice President,,Virgil Goode / James Clymer,Constitution,county,Woodbury,,94
President/Vice President,,Barack Obama / Joe Biden,Democratic,county,Woodbury,,22302
President/Vice President,,Mitt Romney / Paul Ryan,Republican,county,Woodbury,,21841
President/Vice President,,Total,,county,Story,,47265
President/Vice President,,Over Votes,,county,Story,,20
President/Vice President,,Under Votes,,county,Story,,95
President/Vice President,,Write-In,,county,Story,,250
President/Vice President,,Jerry Litzel / Jim Litzel,Nominated by Petition,county,Story,,85
President/Vice President,,James Harris / Alyson Kennedy,Socialist Workers Party,county,Story,,12
President/Vice President,,Gloria LaRiva / Stefanie Beacham,Party for Socialism and Liberation,county,Story,,12
President/Vice President,,Gary Johnson / James P. Gray,Libertarian,county,Story,,727
President/Vice President,,Jill Stein / Cheri Honkala,Iowa Green Party,county,Story,,139
President/Vice President,,Virgil Goode / James Clymer,Constitution,county,Story,,65
President/Vice President,,Barack Obama / Joe Biden,Democratic,county,Story,,26192
President/Vice President,,Mitt Romney / Paul Ryan,Republican,county,Story,,19668
President/Vice President,,Total,,county,Page,,7109
President/Vice President,,Over Votes,,county,Page,,8
President/Vice President,,Under Votes,,county,Page,,22
President/Vice President,,Write-In,,county,Page,,30
President/Vice President,,Jerry Litzel / Jim Litzel,Nominated by Petition,county,Page,,5
President/Vice President,,James Harris / Alyson Kennedy,Socialist Workers Party,county,Page,,12
President/Vice President,,Gloria LaRiva / Stefanie Beacham,Party for Socialism and Liberation,county,Page,,1
President/Vice President,,Gary Johnson / James P. Gray,Libertarian,county,Page,,43
President/Vice President,,Jill Stein / Cheri Honkala,Iowa Green Party,county,Page,,12
President/Vice President,,Virgil Goode / James Clymer,Constitution,county,Page,,15
President/Vice President,,Barack Obama / Joe Biden,Democratic,county,Page,,2613
President/Vice President,,Mitt Romney / Paul Ryan,Republican,county,Page,,4348
President/Vice President,,Total,,county,Madison,,8509
President/Vice President,,Over Votes,,county,Madison,,12
President/Vice President,,Under Votes,,county,Madison,,39
President/Vice President,,Write-In,,county,Madison,,43
President/Vice President,,Jerry Litzel / Jim Litzel,Nominated by Petition,county,Madison,,11
President/Vice President,,James Harris / Alyson Kennedy,Socialist Workers Party,county,Madison,,3
President/Vice President,,Gloria LaRiva / Stefanie Beacham,Party for Socialism and Liberation,county,Madison,,0
President/Vice President,,Gary Johnson / James P. Gray,Libertarian,county,Madison,,90
President/Vice President,,Jill Stein / Cheri Honkala,Iowa Green Party,county,Madison,,14
President/Vice President,,Virgil Goode / James Clymer,Constitution,county,Madison,,29
President/Vice President,,Barack Obama / Joe Biden,Democratic,county,Madison,,3630
President/Vice President,,Mitt Romney / Paul Ryan,Republican,county,Madison,,4638
President/Vice President,,Total,,county,Jackson,,10330
President/Vice President,,Over Votes,,county,Jackson,,22
President/Vice President,,Under Votes,,county,Jackson,,66
President/Vice President,,Write-In,,county,Jackson,,49
President/Vice President,,Jerry Litzel / Jim Litzel,Nominated by Petition,county,Jackson,,3
President/Vice President,,James Harris / Alyson Kennedy,Socialist Workers Party,county,Jackson,,1
President/Vice President,,Gloria LaRiva / Stefanie Beacham,Party for Socialism and Liberation,county,Jackson,,1
President/Vice President,,Gary Johnson / James P. Gray,Libertarian,county,Jackson,,67
President/Vice President,,Jill Stein / Cheri Honkala,Iowa Green Party,county,Jackson,,15
President/Vice President,,Virgil Goode / James Clymer,Constitution,county,Jackson,,22
President/Vice President,,Barack Obama / Joe Biden,Democratic,county,Jackson,,5907
President/Vice President,,Mitt Romney / Paul Ryan,Republican,county,Jackson,,4177
President/Vice President,,Total,,county,Greene,,4891
President/Vice President,,Over Votes,,county,Greene,,4
President/Vice President,,Under Votes,,county,Greene,,41
President/Vice President,,Write-In,,county,Greene,,28
President/Vice President,,Jerry Litzel / Jim Litzel,Nominated by Petition,county,Greene,,6
President/Vice President,,James Harris / Alyson Kennedy,Socialist Workers Party,county,Greene,,5
President/Vice President,,Gloria LaRiva / Stefanie Beacham,Party for Socialism and Liberation,county,Greene,,3
President/Vice President,,Gary Johnson / James P. Gray,Libertarian,county,Greene,,30
President/Vice President,,Jill Stein / Cheri Honkala,Iowa Green Party,county,Greene,,8
President/Vice President,,Virgil Goode / James Clymer,Constitution,county,Greene,,11
President/Vice President,,Barack Obama / Joe Biden,Democratic,county,Greene,,2375
President/Vice President,,Mitt Romney / Paul Ryan,Republican,county,Greene,,2380
President/Vice President,,Total,,county,Dallas,,38184
President/Vice President,,Over Votes,,county,Dallas,,14
President/Vice President,,Under Votes,,county,Dallas,,54
President/Vice President,,Write-In,,county,Dallas,,139
President/Vice President,,Jerry Litzel / Jim Litzel,Nominated by Petition,county,Dallas,,24
President/Vice President,,James Harris / Alyson Kennedy,Socialist Workers Party,county,Dallas,,4
President/Vice President,,Gloria LaRiva / Stefanie Beacham,Party for Socialism and Liberation,county,Dallas,,6
President/Vice President,,Gary Johnson / James P. Gray,Libertarian,county,Dallas,,273
President/Vice President,,Jill Stein / Cheri Honkala,Iowa Green Party,county,Dallas,,49
President/Vice President,,Virgil Goode / James Clymer,Constitution,county,Dallas,,57
President/Vice President,,Barack Obama / Joe Biden,Democratic,county,Dallas,,16576
President/Vice President,,Mitt Romney / Paul Ryan,Republican,county,Dallas,,20988
President/Vice President,,Total,,county,Calhoun,,5268
President/Vice President,,Over Votes,,county,Calhoun,,12
President/Vice President,,Under Votes,,county,Calhoun,,26
President/Vice President,,Write-In,,county,Calhoun,,32
President/Vice President,,Jerry Litzel / Jim Litzel,Nominated by Petition,county,Calhoun,,1
President/Vice President,,James Harris / Alyson Kennedy,Socialist Workers Party,county,Calhoun,,1
President/Vice President,,Gloria LaRiva / Stefanie Beacham,Party for Socialism and Liberation,county,Calhoun,,0
President/Vice President,,Gary Johnson / James P. Gray,Libertarian,county,Calhoun,,39
President/Vice President,,Jill Stein / Cheri Honkala,Iowa Green Party,county,Calhoun,,12
President/Vice President,,Virgil Goode / James Clymer,Constitution,county,Calhoun,,16
President/Vice President,,Barack Obama / Joe Biden,Democratic,county,Calhoun,,2238
President/Vice President,,Mitt Romney / Paul Ryan,Republican,county,Calhoun,,2891
President/Vice President,,Total,,county,Adair,,4020
President/Vice President,,Over Votes,,county,Adair,,4
President/Vice President,,Under Votes,,county,Adair,,20
President/Vice President,,Write-In,,county,Adair,,31
President/Vice President,,Jerry Litzel / Jim Litzel,Nominated by Petition,county,Adair,,6
President/Vice President,,James Harris / Alyson Kennedy,Socialist Workers Party,county,Adair,,5
President/Vice President,,Gloria LaRiva / Stefanie Beacham,Party for Socialism and Liberation,county,Adair,,3
President/Vice President,,Gary Johnson / James P. Gray,Libertarian,county,Adair,,30
President/Vice President,,Jill Stein / Cheri Honkala,Iowa Green Party,county,Adair,,9
President/Vice President,,Virgil Goode / James Clymer,Constitution,county,Adair,,8
President/Vice President,,Barack Obama / Joe Biden,Democratic,county,Adair,,1790
President/Vice President,,Mitt Romney / Paul Ryan,Republican,county,Adair,,2114
President/Vice President,,Total,,county,Adams,,2206
President/Vice President,,Over Votes,,county,Adams,,4
President/Vice President,,Under Votes,,county,Adams,,17
President/Vice President,,Write-In,,county,Adams,,12
President/Vice President,,Jerry Litzel,Nominated by Petition,county,Adams,,8
President/Vice President,,James Harris,Socialist Workers Party,county,Adams,,4
President/Vice President,,Gloria LaRiva,Party for Socialism and Liberation,county,Adams,,0
President/Vice President,,Gary Johnson,Libertarian,county,Adams,,16
President/Vice President,,Jill Stein,Iowa Green Party,county,Adams,,3
President/Vice President,,Virgil Goode,Constitution,county,Adams,,6
President/Vice President,,Barack Obama,Democratic,county,Adams,,1028
President/Vice President,,Mitt Romney,Republican,county,Adams,,1108
President/Vice President,,Total,,county,Allamakee,,7003
President/Vice President,,Over Votes,,county,Allamakee,,18
President/Vice President,,Under Votes,,county,Allamakee,,51
President/Vice President,,Write-In,,county,Allamakee,,34
President/Vice President,,Jerry Litzel,Nominated by Petition,county,Allamakee,,2
President/Vice President,,James Harris,Socialist Workers Party,county,Allamakee,,17
President/Vice President,,Gloria LaRiva,Party for Socialism and Liberation,county,Allamakee,,1
President/Vice President,,Gary Johnson,Libertarian,county,Allamakee,,27
President/Vice President,,Jill Stein,Iowa Green Party,county,Allamakee,,27
President/Vice President,,Virgil Goode,Constitution,county,Allamakee,,9
President/Vice President,,Barack Obama,Democratic,county,Allamakee,,3553
President/Vice President,,Mitt Romney,Republican,county,Allamakee,,3264
President/Vice President,,Total,,county,Appanoose,,6296
President/Vice President,,Over Votes,,county,Appanoose,,13
President/Vice President,,Under Votes,,county,Appanoose,,38
President/Vice President,,Write-In,,county,Appanoose,,44
President/Vice President,,Jerry Litzel,Nominated by Petition,county,Appanoose,,8
President/Vice President,,James Harris,Socialist Workers Party,county,Appanoose,,2
President/Vice President,,Gloria LaRiva,Party for Socialism and Liberation,county,Appanoose,,2
President/Vice President,,Gary Johnson,Libertarian,county,Appanoose,,44
President/Vice President,,Jill Stein,Iowa Green Party,county,Appanoose,,18
President/Vice President,,Virgil Goode,Constitution,county,Appanoose,,15
President/Vice President,,Barack Obama,Democratic,county,Appanoose,,2951
President/Vice President,,Mitt Romney,Republican,county,Appanoose,,3161
President/Vice President,,Total,,county,Audubon,,3506
President/Vice President,,Over Votes,,county,Audubon,,7
President/Vice President,,Under Votes,,county,Audubon,,42
President/Vice President,,Write-In,,county,Audubon,,12
President/Vice President,,Jerry Litzel,Nominated by Petition,county,Audubon,,2
President/Vice President,,James Harris,Socialist Workers Party,county,Audubon,,1
President/Vice President,,Gloria LaRiva,Party for Socialism and Liberation,county,Audubon,,1
President/Vice President,,Gary Johnson,Libertarian,county,Audubon,,12
President/Vice President,,Jill Stein,Iowa Green Party,county,Audubon,,8
President/Vice President,,Virgil Goode,Constitution,county,Audubon,,8
President/Vice President,,Barack Obama,Democratic,county,Audubon,,1611
President/Vice President,,Mitt Romney,Republican,county,Audubon,,1802
President/Vice President,,Total,,county,Benton,,14107
President/Vice President,,Over Votes,,county,Benton,,13
President/Vice President,,Under Votes,,county,Benton,,71
President/Vice President,,Write-In,,county,Benton,,47
President/Vice President,,Jerry Litzel,Nominated by Petition,county,Benton,,10
President/Vice President,,James Harris,Socialist Workers Party,county,Benton,,2
President/Vice President,,Gloria LaRiva,Party for Socialism and Liberation,county,Benton,,6
President/Vice President,,Gary Johnson,Libertarian,county,Benton,,100
President/Vice President,,Jill Stein,Iowa Green Party,county,Benton,,25
President/Vice President,,Virgil Goode,Constitution,county,Benton,,31
President/Vice President,,Barack Obama,Democratic,county,Benton,,6862
President/Vice President,,Mitt Romney,Republican,county,Benton,,6940
President/Vice President,,Total,,county,Black Hawk,,67468
President/Vice President,,Over Votes,,county,Black Hawk,,174
President/Vice President,,Under Votes,,county,Black Hawk,,153
President/Vice President,,Write-In,,county,Black Hawk,,289
President/Vice President,,Jerry Litzel,Nominated by Petition,county,Black Hawk,,14
President/Vice President,,James Harris,Socialist Workers Party,county,Black Hawk,,15
President/Vice President,,Gloria LaRiva,Party for Socialism and Liberation,county,Black Hawk,,13
President/Vice President,,Gary Johnson,Libertarian,county,Black Hawk,,540
President/Vice President,,Jill Stein,Iowa Green Party,county,Black Hawk,,118
President/Vice President,,Virgil Goode,Constitution,county,Black Hawk,,96
President/Vice President,,Barack Obama,Democratic,county,Black Hawk,,39821
President/Vice President,,Mitt Romney,Republican,county,Black Hawk,,26235
President/Vice President,,Total,,county,Boone,,14462
President/Vice President,,Over Votes,,county,Boone,,20
President/Vice President,,Under Votes,,county,Boone,,54
President/Vice President,,Write-In,,county,Boone,,76
President/Vice President,,Jerry Litzel,Nominated by Petition,county,Boone,,21
President/Vice President,,James Harris,Socialist Workers Party,county,Boone,,2
President/Vice President,,Gloria LaRiva,Party for Socialism and Liberation,county,Boone,,1
President/Vice President,,Gary Johnson,Libertarian,county,Boone,,122
President/Vice President,,Jill Stein,Iowa Green Party,county,Boone,,43
President/Vice President,,Virgil Goode,Constitution,county,Boone,,55
President/Vice President,,Barack Obama,Democratic,county,Boone,,7512
President/Vice President,,Mitt Romney,Republican,county,Boone,,6556
President/Vice President,,Total,,county,Bremer,,13399
President/Vice President,,Over Votes,,county,Bremer,,18
President/Vice President,,Under Votes,,county,Bremer,,35
President/Vice President,,Write-In,,county,Bremer,,53
President/Vice President,,Jerry Litzel,Nominated by Petition,county,Bremer,,7
President/Vice President,,James Harris,Socialist Workers Party,county,Bremer,,4
President/Vice President,,Gloria LaRiva,Party for Socialism and Liberation,county,Bremer,,3
President/Vice President,,Gary Johnson,Libertarian,county,Bremer,,82
President/Vice President,,Jill Stein,Iowa Green Party,county,Bremer,,16
President/Vice President,,Virgil Goode,Constitution,county,Bremer,,13
President/Vice President,,Barack Obama,Democratic,county,Bremer,,6763
President/Vice President,,Mitt Romney,Republican,county,Bremer,,6405
President/Vice President,,Total,,county,Buchanan,,10602
President/Vice President,,Over Votes,,county,Buchanan,,17
President/Vice President,,Under Votes,,county,Buchanan,,50
President/Vice President,,Write-In,,county,Buchanan,,42
President/Vice President,,Jerry Litzel,Nominated by Petition,county,Buchanan,,5
President/Vice President,,James Harris,Socialist Workers Party,county,Buchanan,,5
President/Vice President,,Gloria LaRiva,Party for Socialism and Liberation,county,Buchanan,,4
President/Vice President,,Gary Johnson,Libertarian,county,Buchanan,,65
President/Vice President,,Jill Stein,Iowa Green Party,county,Buchanan,,34
President/Vice President,,Virgil Goode,Constitution,county,Buchanan,,19
President/Vice President,,Barack Obama,Democratic,county,Buchanan,,5911
President/Vice President,,Mitt Romney,Republican,county,Buchanan,,4450
President/Vice President,,Total,,county,Buena Vista,,8431
President/Vice President,,Over Votes,,county,Buena Vista,,25
President/Vice President,,Under Votes,,county,Buena Vista,,23
President/Vice President,,Write-In,,county,Buena Vista,,36
President/Vice President,,Jerry Litzel,Nominated by Petition,county,Buena Vista,,4
President/Vice President,,James Harris,Socialist Workers Party,county,Buena Vista,,2
President/Vice President,,Gloria LaRiva,Party for Socialism and Liberation,county,Buena Vista,,2
President/Vice President,,Gary Johnson,Libertarian,county,Buena Vista,,57
President/Vice President,,Jill Stein,Iowa Green Party,county,Buena Vista,,12
President/Vice President,,Virgil Goode,Constitution,county,Buena Vista,,16
President/Vice President,,Barack Obama,Democratic,county,Buena Vista,,3700
President/Vice President,,Mitt Romney,Republican,county,Buena Vista,,4554
President/Vice President,,Total,,county,Butler,,7575
President/Vice President,,Over Votes,,county,Butler,,7
President/Vice President,,Under Votes,,county,Butler,,23
President/Vice President,,Write-In,,county,Butler,,24
President/Vice President,,Jerry Litzel,Nominated by Petition,county,Butler,,8
President/Vice President,,James Harris,Socialist Workers Party,county,Butler,,1
President/Vice President,,Gloria LaRiva,Party for Socialism and Liberation,county,Butler,,1
President/Vice President,,Gary Johnson,Libertarian,county,Butler,,33
President/Vice President,,Jill Stein,Iowa Green Party,county,Butler,,18
President/Vice President,,Virgil Goode,Constitution,county,Butler,,25
President/Vice President,,Barack Obama,Democratic,county,Butler,,3329
President/Vice President,,Mitt Romney,Republican,county,Butler,,4106
President/Vice President,,Total,,county,Carroll,,10759
President/Vice President,,Over Votes,,county,Carroll,,17
President/Vice President,,Under Votes,,county,Carroll,,68
President/Vice President,,Write-In,,county,Carroll,,34
President/Vice President,,Jerry Litzel,Nominated by Petition,county,Carroll,,8
President/Vice President,,James Harris,Socialist Workers Party,county,Carroll,,1
President/Vice President,,Gloria LaRiva,Party for Socialism and Liberation,county,Carroll,,5
President/Vice President,,Gary Johnson,Libertarian,county,Carroll,,42
President/Vice President,,Jill Stein,Iowa Green Party,county,Carroll,,13
President/Vice President,,Virgil Goode,Constitution,county,Carroll,,23
President/Vice President,,Barack Obama,Democratic,county,Carroll,,4947
President/Vice President,,Mitt Romney,Republican,county,Carroll,,5601
President/Vice President,,Total,,county,Cass,,7241
President/Vice President,,Over Votes,,county,Cass,,3
President/Vice President,,Under Votes,,county,Cass,,33
President/Vice President,,Write-In,,county,Cass,,30
President/Vice President,,Jerry Litzel,Nominated by Petition,county,Cass,,5
President/Vice President,,James Harris,Socialist Workers Party,county,Cass,,9
President/Vice President,,Gloria LaRiva,Party for Socialism and Liberation,county,Cass,,4
President/Vice President,,Gary Johnson,Libertarian,county,Cass,,46
President/Vice President,,Jill Stein,Iowa Green Party,county,Cass,,15
President/Vice President,,Virgil Goode,Constitution,county,Cass,,21
President/Vice President,,Barack Obama,Democratic,county,Cass,,2858
President/Vice President,,Mitt Romney,Republican,county,Cass,,4217
President/Vice President,,Total,,county,Cedar,,9702
President/Vice President,,Over Votes,,county,Cedar,,4
President/Vice President,,Under Votes,,county,Cedar,,49
President/Vice President,,Write-In,,county,Cedar,,41
President/Vice President,,Jerry Litzel,Nominated by Petition,county,Cedar,,5
President/Vice President,,James Harris,Socialist Workers Party,county,Cedar,,1
President/Vice President,,Gloria LaRiva,Party for Socialism and Liberation,county,Cedar,,0
President/Vice President,,Gary Johnson,Libertarian,county,Cedar,,72
President/Vice President,,Jill Stein,Iowa Green Party,county,Cedar,,15
President/Vice President,,Virgil Goode,Constitution,county,Cedar,,14
President/Vice President,,Barack Obama,Democratic,county,Cedar,,4972
President/Vice President,,Mitt Romney,Republican,county,Cedar,,4529
President/Vice President,,Total,,county,Cerro Gordo,,23938
President/Vice President,,Over Votes,,county,Cerro Gordo,,54
President/Vice President,,Under Votes,,county,Cerro Gordo,,60
President/Vice President,,Write-In,,county,Cerro Gordo,,116
President/Vice President,,Jerry Litzel,Nominated by Petition,county,Cerro Gordo,,12
President/Vice President,,James Harris,Socialist Workers Party,county,Cerro Gordo,,7
President/Vice President,,Gloria LaRiva,Party for Socialism and Liberation,county,Cerro Gordo,,6
President/Vice President,,Gary Johnson,Libertarian,county,Cerro Gordo,,147
President/Vice President,,Jill Stein,Iowa Green Party,county,Cerro Gordo,,48
President/Vice President,,Virgil Goode,Constitution,county,Cerro Gordo,,44
President/Vice President,,Barack Obama,Democratic,county,Cerro Gordo,,13316
President/Vice President,,Mitt Romney,Republican,county,Cerro Gordo,,10128
President/Vice President,,Total,,county,Cherokee,,6439
President/Vice President,,Over Votes,,county,Cherokee,,9
President/Vice President,,Under Votes,,county,Cherokee,,15
President/Vice President,,Write-In,,county,Cherokee,,31
President/Vice President,,Jerry Litzel,Nominated by Petition,county,Cherokee,,4
President/Vice President,,James Harris,Socialist Workers Party,county,Cherokee,,5
President/Vice President,,Gloria LaRiva,Party for Socialism and Liberation,county,Cherokee,,3
President/Vice President,,Gary Johnson,Libertarian,county,Cherokee,,45
President/Vice President,,Jill Stein,Iowa Green Party,county,Cherokee,,19
President/Vice President,,Virgil Goode,Constitution,county,Cherokee,,12
President/Vice President,,Barack Obama,Democratic,county,Cherokee,,2634
President/Vice President,,Mitt Romney,Republican,county,Cherokee,,3662
President/Vice President,,Total,,county,Chickasaw,,6521
President/Vice President,,Over Votes,,county,Chickasaw,,9
President/Vice President,,Under Votes,,county,Chickasaw,,28
President/Vice President,,Write-In,,county,Chickasaw,,20
President/Vice President,,Jerry Litzel,Nominated by Petition,county,Chickasaw,,4
President/Vice President,,James Harris,Socialist Workers Party,county,Chickasaw,,2
President/Vice President,,Gloria LaRiva,Party for Socialism and Liberation,county,Chickasaw,,3
President/Vice President,,Gary Johnson,Libertarian,county,Chickasaw,,35
President/Vice President,,Jill Stein,Iowa Green Party,county,Chickasaw,,15
President/Vice President,,Virgil Goode,Constitution,county,Chickasaw,,15
President/Vice President,,Barack Obama,Democratic,county,Chickasaw,,3554
President/Vice President,,Mitt Romney,Republican,county,Chickasaw,,2836
President/Vice President,,Total,,county,Clarke,,4458
President/Vice President,,Over Votes,,county,Clarke,,9
President/Vice President,,Under Votes,,county,Clarke,,19
President/Vice President,,Write-In,,county,Clarke,,30
President/Vice President,,Jerry Litzel,Nominated by Petition,county,Clarke,,10
President/Vice President,,James Harris,Socialist Workers Party,county,Clarke,,2
President/Vice President,,Gloria LaRiva,Party for Socialism and Liberation,county,Clarke,,2
President/Vice President,,Gary Johnson,Libertarian,county,Clarke,,38
President/Vice President,,Jill Stein,Iowa Green Party,county,Clarke,,17
President/Vice President,,Virgil Goode,Constitution,county,Clarke,,18
President/Vice President,,Barack Obama,Democratic,county,Clarke,,2189
President/Vice President,,Mitt Romney,Republican,county,Clarke,,2124
President/Vice President,,Total,,county,Clay,,8568
President/Vice President,,Over Votes,,county,Clay,,20
President/Vice President,,Under Votes,,county,Clay,,46
President/Vice President,,Write-In,,county,Clay,,61
President/Vice President,,Jerry Litzel,Nominated by Petition,county,Clay,,5
President/Vice President,,James Harris,Socialist Workers Party,county,Clay,,5
President/Vice President,,Gloria LaRiva,Party for Socialism and Liberation,county,Clay,,0
President/Vice President,,Gary Johnson,Libertarian,county,Clay,,58
President/Vice President,,Jill Stein,Iowa Green Party,county,Clay,,24
President/Vice President,,Virgil Goode,Constitution,county,Clay,,13
President/Vice President,,Barack Obama,Democratic,county,Clay,,3385
President/Vice President,,Mitt Romney,Republican,county,Clay,,4951
President/Vice President,,Total,,county,Clayton,,9200
President/Vice President,,Over Votes,,county,Clayton,,21
President/Vice President,,Under Votes,,county,Clayton,,41
President/Vice President,,Write-In,,county,Clayton,,47
President/Vice President,,Jerry Litzel,Nominated by Petition,county,Clayton,,4
President/Vice President,,James Harris,Socialist Workers Party,county,Clayton,,5
President/Vice President,,Gloria LaRiva,Party for Socialism and Liberation,county,Clayton,,3
President/Vice President,,Gary Johnson,Libertarian,county,Clayton,,57
President/Vice President,,Jill Stein,Iowa Green Party,county,Clayton,,33
President/Vice President,,Virgil Goode,Constitution,county,Clayton,,19
President/Vice President,,Barack Obama,Democratic,county,Clayton,,4806
President/Vice President,,Mitt Romney,Republican,county,Clayton,,4164
President/Vice President,,Total,,county,Clinton,,25089
President/Vice President,,Over Votes,,county,Clinton,,28
President/Vice President,,Under Votes,,county,Clinton,,61
President/Vice President,,Write-In,,county,Clinton,,100
President/Vice President,,Jerry Litzel,Nominated by Petition,county,Clinton,,16
President/Vice President,,James Harris,Socialist Workers Party,county,Clinton,,6
President/Vice President,,Gloria LaRiva,Party for Socialism and Liberation,county,Clinton,,2
President/Vice President,,Gary Johnson,Libertarian,county,Clinton,,187
President/Vice President,,Jill Stein,Iowa Green Party,county,Clinton,,55
President/Vice President,,Virgil Goode,Constitution,county,Clinton,,61
President/Vice President,,Barack Obama,Democratic,county,Clinton,,15141
President/Vice President,,Mitt Romney,Republican,county,Clinton,,9432
President/Vice President,,Total,,county,Crawford,,6830
President/Vice President,,Over Votes,,county,Crawford,,12
President/Vice President,,Under Votes,,county,Crawford,,66
President/Vice President,,Write-In,,county,Crawford,,24
President/Vice President,,Jerry Litzel,Nominated by Petition,county,Crawford,,3
President/Vice President,,James Harris,Socialist Workers Party,county,Crawford,,3
President/Vice President,,Gloria LaRiva,Party for Socialism and Liberation,county,Crawford,,4
President/Vice President,,Gary Johnson,Libertarian,county,Crawford,,32
President/Vice President,,Jill Stein,Iowa Green Party,county,Crawford,,16
President/Vice President,,Virgil Goode,Constitution,county,Crawford,,9
President/Vice President,,Barack Obama,Democratic,county,Crawford,,3066
President/Vice President,,Mitt Romney,Republican,county,Crawford,,3595
President/Vice President,,Total,,county,Davis,,3848
President/Vice President,,Over Votes,,county,Davis,,41
President/Vice President,,Under Votes,,county,Davis,,34
President/Vice President,,Write-In,,county,Davis,,28
President/Vice President,,Jerry Litzel,Nominated by Petition,county,Davis,,4
President/Vice President,,James Harris,Socialist Workers Party,county,Davis,,1
President/Vice President,,Gloria LaRiva,Party for Socialism and Liberation,county,Davis,,2
President/Vice President,,Gary Johnson,Libertarian,county,Davis,,38
President/Vice President,,Jill Stein,Iowa Green Party,county,Davis,,10
President/Vice President,,Virgil Goode,Constitution,county,Davis,,32
President/Vice President,,Barack Obama,Democratic,county,Davis,,1520
President/Vice President,,Mitt Romney,Republican,county,Davis,,2138
President/Vice President,,Total,,county,Decatur,,3878
President/Vice President,,Over Votes,,county,Decatur,,9
President/Vice President,,Under Votes,,county,Decatur,,36
President/Vice President,,Write-In,,county,Decatur,,18
President/Vice President,,Jerry Litzel,Nominated by Petition,county,Decatur,,9
President/Vice President,,James Harris,Socialist Workers Party,county,Decatur,,5
President/Vice President,,Gloria LaRiva,Party for Socialism and Liberation,county,Decatur,,3
President/Vice President,,Gary Johnson,Libertarian,county,Decatur,,33
President/Vice President,,Jill Stein,Iowa Green Party,county,Decatur,,15
President/Vice President,,Virgil Goode,Constitution,county,Decatur,,12
President/Vice President,,Barack Obama,Democratic,county,Decatur,,1791
President/Vice President,,Mitt Romney,Republican,county,Decatur,,1947
President/Vice President,,Total,,county,Delaware,,9405
President/Vice President,,Over Votes,,county,Delaware,,10
President/Vice President,,Under Votes,,county,Delaware,,17
President/Vice President,,Write-In,,county,Delaware,,36
President/Vice President,,Jerry Litzel,Nominated by Petition,county,Delaware,,5
President/Vice President,,James Harris,Socialist Workers Party,county,Delaware,,2
President/Vice President,,Gloria LaRiva,Party for Socialism and Liberation,county,Delaware,,3
President/Vice President,,Gary Johnson,Libertarian,county,Delaware,,46
President/Vice President,,Jill Stein,Iowa Green Party,county,Delaware,,24
President/Vice President,,Virgil Goode,Constitution,county,Delaware,,10
President/Vice President,,Barack Obama,Democratic,county,Delaware,,4616
President/Vice President,,Mitt Romney,Republican,county,Delaware,,4636
President/Vice President,,Total,,county,Des Moines,,20505
President/Vice President,,Over Votes,,county,Des Moines,,30
President/Vice President,,Under Votes,,county,Des Moines,,90
President/Vice President,,Write-In,,county,Des Moines,,100
President/Vice President,,Jerry Litzel,Nominated by Petition,county,Des Moines,,10
President/Vice President,,James Harris,Socialist Workers Party,county,Des Moines,,7
President/Vice President,,Gloria LaRiva,Party for Socialism and Liberation,county,Des Moines,,6
President/Vice President,,Gary Johnson,Libertarian,county,Des Moines,,137
President/Vice President,,Jill Stein,Iowa Green Party,county,Des Moines,,68
President/Vice President,,Virgil Goode,Constitution,county,Des Moines,,33
President/Vice President,,Barack Obama,Democratic,county,Des Moines,,11888
President/Vice President,,Mitt Romney,Republican,county,Des Moines,,8136
President/Vice President,,Total,,county,Dickinson,,10200
President/Vice President,,Over Votes,,county,Dickinson,,9
President/Vice President,,Under Votes,,county,Dickinson,,32
President/Vice President,,Write-In,,county,Dickinson,,33
President/Vice President,,Jerry Litzel,Nominated by Petition,county,Dickinson,,6
President/Vice President,,James Harris,Socialist Workers Party,county,Dickinson,,2
President/Vice President,,Gloria LaRiva,Party for Socialism and Liberation,county,Dickinson,,2
President/Vice President,,Gary Johnson,Libertarian,county,Dickinson,,68
President/Vice President,,Jill Stein,Iowa Green Party,county,Dickinson,,23
President/Vice President,,Virgil Goode,Constitution,county,Dickinson,,18
President/Vice President,,Barack Obama,Democratic,county,Dickinson,,4095
President/Vice President,,Mitt Romney,Republican,county,Dickinson,,5912
President/Vice President,,Total,,county,Dubuque,,51150
President/Vice President,,Over Votes,,county,Dubuque,,43
President/Vice President,,Under Votes,,county,Dubuque,,213
President/Vice President,,Write-In,,county,Dubuque,,197
President/Vice President,,Jerry Litzel,Nominated by Petition,county,Dubuque,,13
President/Vice President,,James Harris,Socialist Workers Party,county,Dubuque,,13
President/Vice President,,Gloria LaRiva,Party for Socialism and Liberation,county,Dubuque,,9
President/Vice President,,Gary Johnson,Libertarian,county,Dubuque,,438
President/Vice President,,Jill Stein,Iowa Green Party,county,Dubuque,,111
President/Vice President,,Virgil Goode,Constitution,county,Dubuque,,65
President/Vice President,,Barack Obama,Democratic,county,Dubuque,,28768
President/Vice President,,Mitt Romney,Republican,county,Dubuque,,21280
President/Vice President,,Total,,county,Emmet,,4716
President/Vice President,,Over Votes,,county,Emmet,,9
President/Vice President,,Under Votes,,county,Emmet,,20
President/Vice President,,Write-In,,county,Emmet,,21
President/Vice President,,Jerry Litzel,Nominated by Petition,county,Emmet,,2
President/Vice President,,James Harris,Socialist Workers Party,county,Emmet,,3
President/Vice President,,Gloria LaRiva,Party for Socialism and Liberation,county,Emmet,,2
President/Vice President,,Gary Johnson,Libertarian,county,Emmet,,27
President/Vice President,,Jill Stein,Iowa Green Party,county,Emmet,,16
President/Vice President,,Virgil Goode,Constitution,county,Emmet,,10
President/Vice President,,Barack Obama,Democratic,county,Emmet,,2099
President/Vice President,,Mitt Romney,Republican,county,Emmet,,2507
President/Vice President,,Total,,county,Fayette,,10400
President/Vice President,,Over Votes,,county,Fayette,,4
President/Vice President,,Under Votes,,county,Fayette,,30
President/Vice President,,Write-In,,county,Fayette,,24
President/Vice President,,Jerry Litzel,Nominated by Petition,county,Fayette,,11
President/Vice President,,James Harris,Socialist Workers Party,county,Fayette,,2
President/Vice President,,Gloria LaRiva,Party for Socialism and Liberation,county,Fayette,,0
President/Vice President,,Gary Johnson,Libertarian,county,Fayette,,56
President/Vice President,,Jill Stein,Iowa Green Party,county,Fayette,,28
President/Vice President,,Virgil Goode,Constitution,county,Fayette,,21
President/Vice President,,Barack Obama,Democratic,county,Fayette,,5732
President/Vice President,,Mitt Romney,Republican,county,Fayette,,4492
President/Vice President,,Total,,county,Floyd,,8309
President/Vice President,,Over Votes,,county,Floyd,,16
President/Vice President,,Under Votes,,county,Floyd,,36
President/Vice President,,Write-In,,county,Floyd,,17
President/Vice President,,Jerry Litzel,Nominated by Petition,county,Floyd,,8
President/Vice President,,James Harris,Socialist Workers Party,county,Floyd,,2
President/Vice President,,Gloria LaRiva,Party for Socialism and Liberation,county,Floyd,,2
President/Vice President,,Gary Johnson,Libertarian,county,Floyd,,43
President/Vice President,,Jill Stein,Iowa Green Party,county,Floyd,,22
President/Vice President,,Virgil Goode,Constitution,county,Floyd,,11
President/Vice President,,Barack Obama,Democratic,county,Floyd,,4680
President/Vice President,,Mitt Romney,Republican,county,Floyd,,3472
President/Vice President,,Total,,county,Franklin,,5224
President/Vice President,,Over Votes,,county,Franklin,,5
President/Vice President,,Under Votes,,county,Franklin,,33
President/Vice President,,Write-In,,county,Franklin,,38
President/Vice President,,Jerry Litzel,Nominated by Petition,county,Franklin,,5
President/Vice President,,James Harris,Socialist Workers Party,county,Franklin,,0
President/Vice President,,Gloria LaRiva,Party for Socialism and Liberation,county,Franklin,,2
President/Vice President,,Gary Johnson,Libertarian,county,Franklin,,33
President/Vice President,,Jill Stein,Iowa Green Party,county,Franklin,,7
President/Vice President,,Virgil Goode,Constitution,county,Franklin,,12
President/Vice President,,Barack Obama,Democratic,county,Franklin,,2266
President/Vice President,,Mitt Romney,Republican,county,Franklin,,2823
President/Vice President,,Total,,county,Fremont,,3705
President/Vice President,,Over Votes,,county,Fremont,,9
President/Vice President,,Under Votes,,county,Fremont,,28
President/Vice President,,Write-In,,county,Fremont,,11
President/Vice President,,Jerry Litzel,Nominated by Petition,county,Fremont,,2
President/Vice President,,James Harris,Socialist Workers Party,county,Fremont,,3
President/Vice President,,Gloria LaRiva,Party for Socialism and Liberation,county,Fremont,,5
President/Vice President,,Gary Johnson,Libertarian,county,Fremont,,24
President/Vice President,,Jill Stein,Iowa Green Party,county,Fremont,,9
President/Vice President,,Virgil Goode,Constitution,county,Fremont,,5
President/Vice President,,Barack Obama,Democratic,county,Fremont,,1637
President/Vice President,,Mitt Romney,Republican,county,Fremont,,1972
President/Vice President,,Total,,county,Grundy,,6981
President/Vice President,,Over Votes,,county,Grundy,,5
President/Vice President,,Under Votes,,county,Grundy,,14
President/Vice President,,Write-In,,county,Grundy,,41
President/Vice President,,Jerry Litzel,Nominated by Petition,county,Grundy,,3
President/Vice President,,James Harris,Socialist Workers Party,county,Grundy,,6
President/Vice President,,Gloria LaRiva,Party for Socialism and Liberation,county,Grundy,,1
President/Vice President,,Gary Johnson,Libertarian,county,Grundy,,33
President/Vice President,,Jill Stein,Iowa Green Party,county,Grundy,,10
President/Vice President,,Virgil Goode,Constitution,county,Grundy,,18
President/Vice President,,Barack Obama,Democratic,county,Grundy,,2635
President/Vice President,,Mitt Romney,Republican,county,Grundy,,4215
President/Vice President,,Total,,county,Guthrie,,5920
President/Vice President,,Over Votes,,county,Guthrie,,4
President/Vice President,,Under Votes,,county,Guthrie,,28
President/Vice President,,Write-In,,county,Guthrie,,33
President/Vice President,,Jerry Litzel,Nominated by Petition,county,Guthrie,,9
President/Vice President,,James Harris,Socialist Workers Party,county,Guthrie,,5
President/Vice President,,Gloria LaRiva,Party for Socialism and Liberation,county,Guthrie,,0
President/Vice President,,Gary Johnson,Libertarian,county,Guthrie,,74
President/Vice President,,Jill Stein,Iowa Green Party,county,Guthrie,,15
President/Vice President,,Virgil Goode,Constitution,county,Guthrie,,12
President/Vice President,,Barack Obama,Democratic,county,Guthrie,,2569
President/Vice President,,Mitt Romney,Republican,county,Guthrie,,3171
President/Vice President,,Total,,county,Hamilton,,7979
President/Vice President,,Over Votes,,county,Hamilton,,10
President/Vice President,,Under Votes,,county,Hamilton,,42
President/Vice President,,Write-In,,county,Hamilton,,43
President/Vice President,,Jerry Litzel,Nominated by Petition,county,Hamilton,,9
President/Vice President,,James Harris,Socialist Workers Party,county,Hamilton,,0
President/Vice President,,Gloria LaRiva,Party for Socialism and Liberation,county,Hamilton,,0
President/Vice President,,Gary Johnson,Libertarian,county,Hamilton,,54
President/Vice President,,Jill Stein,Iowa Green Party,county,Hamilton,,19
President/Vice President,,Virgil Goode,Constitution,county,Hamilton,,29
President/Vice President,,Barack Obama,Democratic,county,Hamilton,,3782
President/Vice President,,Mitt Romney,Republican,county,Hamilton,,3991
President/Vice President,,Total,,county,Hancock,,5946
President/Vice President,,Over Votes,,county,Hancock,,3
President/Vice President,,Under Votes,,county,Hancock,,18
President/Vice President,,Write-In,,county,Hancock,,17
President/Vice President,,Jerry Litzel,Nominated by Petition,county,Hancock,,2
President/Vice President,,James Harris,Socialist Workers Party,county,Hancock,,1
President/Vice President,,Gloria LaRiva,Party for Socialism and Liberation,county,Hancock,,2
President/Vice President,,Gary Johnson,Libertarian,county,Hancock,,39
President/Vice President,,Jill Stein,Iowa Green Party,county,Hancock,,16
President/Vice President,,Virgil Goode,Constitution,county,Hancock,,10
President/Vice President,,Barack Obama,Democratic,county,Hancock,,2521
President/Vice President,,Mitt Romney,Republican,county,Hancock,,3317
President/Vice President,,Total,,county,Hardin,,8942
President/Vice President,,Over Votes,,county,Hardin,,6
President/Vice President,,Under Votes,,county,Hardin,,38
President/Vice President,,Write-In,,county,Hardin,,46
President/Vice President,,Jerry Litzel,Nominated by Petition,county,Hardin,,8
President/Vice President,,James Harris,Socialist Workers Party,county,Hardin,,5
President/Vice President,,Gloria LaRiva,Party for Socialism and Liberation,county,Hardin,,0
President/Vice President,,Gary Johnson,Libertarian,county,Hardin,,53
President/Vice President,,Jill Stein,Iowa Green Party,county,Hardin,,17
President/Vice President,,Virgil Goode,Constitution,county,Hardin,,24
President/Vice President,,Barack Obama,Democratic,county,Hardin,,4075
President/Vice President,,Mitt Romney,Republican,county,Hardin,,4670
President/Vice President,,Total,,county,Harrison,,7357
President/Vice President,,Over Votes,,county,Harrison,,5
President/Vice President,,Under Votes,,county,Harrison,,30
President/Vice President,,Write-In,,county,Harrison,,29
President/Vice President,,Jerry Litzel,Nominated by Petition,county,Harrison,,5
President/Vice President,,James Harris,Socialist Workers Party,county,Harrison,,3
President/Vice President,,Gloria LaRiva,Party for Socialism and Liberation,county,Harrison,,2
President/Vice President,,Gary Johnson,Libertarian,county,Harrison,,52
President/Vice President,,Jill Stein,Iowa Green Party,county,Harrison,,15
President/Vice President,,Virgil Goode,Constitution,county,Harrison,,15
President/Vice President,,Barack Obama,Democratic,county,Harrison,,3136
President/Vice President,,Mitt Romney,Republican,county,Harrison,,4065
President/Vice President,,Total,,county,Henry,,9786
President/Vice President,,Over Votes,,county,Henry,,18
President/Vice President,,Under Votes,,county,Henry,,71
President/Vice President,,Write-In,,county,Henry,,65
President/Vice President,,Jerry Litzel,Nominated by Petition,county,Henry,,12
President/Vice President,,James Harris,Socialist Workers Party,county,Henry,,4
President/Vice President,,Gloria LaRiva,Party for Socialism and Liberation,county,Henry,,3
President/Vice President,,Gary Johnson,Libertarian,county,Henry,,66
President/Vice President,,Jill Stein,Iowa Green Party,county,Henry,,27
President/Vice President,,Virgil Goode,Constitution,county,Henry,,25
President/Vice President,,Barack Obama,Democratic,county,Henry,,4460
President/Vice President,,Mitt Romney,Republican,county,Henry,,5035
President/Vice President,,Total,,county,Howard,,4665
President/Vice President,,Over Votes,,county,Howard,,3
President/Vice President,,Under Votes,,county,Howard,,17
President/Vice President,,Write-In,,county,Howard,,17
President/Vice President,,Jerry Litzel,Nominated by Petition,county,Howard,,3
President/Vice President,,James Harris,Socialist Workers Party,county,Howard,,0
President/Vice President,,Gloria LaRiva,Party for Socialism and Liberation,county,Howard,,3
President/Vice President,,Gary Johnson,Libertarian,county,Howard,,41
President/Vice President,,Jill Stein,Iowa Green Party,county,Howard,,10
President/Vice President,,Virgil Goode,Constitution,county,Howard,,8
President/Vice President,,Barack Obama,Democratic,county,Howard,,2768
President/Vice President,,Mitt Romney,Republican,county,Howard,,1795
President/Vice President,,Total,,county,Humboldt,,5189
President/Vice President,,Over Votes,,county,Humboldt,,9
President/Vice President,,Under Votes,,county,Humboldt,,22
President/Vice President,,Write-In,,county,Humboldt,,29
President/Vice President,,Jerry Litzel,Nominated by Petition,county,Humboldt,,7
President/Vice President,,James Harris,Socialist Workers Party,county,Humboldt,,2
President/Vice President,,Gloria LaRiva,Party for Socialism and Liberation,county,Humboldt,,2
President/Vice President,,Gary Johnson,Libertarian,county,Humboldt,,23
President/Vice President,,Jill Stein,Iowa Green Party,county,Humboldt,,13
President/Vice President,,Virgil Goode,Constitution,county,Humboldt,,11
President/Vice President,,Barack Obama,Democratic,county,Humboldt,,1972
President/Vice President,,Mitt Romney,Republican,county,Humboldt,,3099
President/Vice President,,Total,,county,Ida,,3688
President/Vice President,,Over Votes,,county,Ida,,1
President/Vice President,,Under Votes,,county,Ida,,24
President/Vice President,,Write-In,,county,Ida,,21
President/Vice President,,Jerry Litzel,Nominated by Petition,county,Ida,,2
President/Vice President,,James Harris,Socialist Workers Party,county,Ida,,3
President/Vice President,,Gloria LaRiva,Party for Socialism and Liberation,county,Ida,,0
President/Vice President,,Gary Johnson,Libertarian,county,Ida,,14
President/Vice President,,Jill Stein,Iowa Green Party,county,Ida,,9
President/Vice President,,Virgil Goode,Constitution,county,Ida,,7
President/Vice President,,Barack Obama,Democratic,county,Ida,,1321
President/Vice President,,Mitt Romney,Republican,county,Ida,,2286
President/Vice President,,Total,,county,Iowa,,8901
President/Vice President,,Over Votes,,county,Iowa,,9
President/Vice President,,Under Votes,,county,Iowa,,26
President/Vice President,,Write-In,,county,Iowa,,34
President/Vice President,,Jerry Litzel,Nominated by Petition,county,Iowa,,6
President/Vice President,,James Harris,Socialist Workers Party,county,Iowa,,3
President/Vice President,,Gloria LaRiva,Party for Socialism and Liberation,county,Iowa,,3
President/Vice President,,Gary Johnson,Libertarian,county,Iowa,,52
President/Vice President,,Jill Stein,Iowa Green Party,county,Iowa,,27
President/Vice President,,Virgil Goode,Constitution,county,Iowa,,28
President/Vice President,,Barack Obama,Democratic,county,Iowa,,4144
President/Vice President,,Mitt Romney,Republican,county,Iowa,,4569
President/Vice President,,Total,,county,Jasper,,19606
President/Vice President,,Over Votes,,county,Jasper,,20
President/Vice President,,Under Votes,,county,Jasper,,71
President/Vice President,,Write-In,,county,Jasper,,103
President/Vice President,,Jerry Litzel,Nominated by Petition,county,Jasper,,23
President/Vice President,,James Harris,Socialist Workers Party,county,Jasper,,2
President/Vice President,,Gloria LaRiva,Party for Socialism and Liberation,county,Jasper,,3
President/Vice President,,Gary Johnson,Libertarian,county,Jasper,,149
President/Vice President,,Jill Stein,Iowa Green Party,county,Jasper,,42
President/Vice President,,Virgil Goode,Constitution,county,Jasper,,59
President/Vice President,,Barack Obama,Democratic,county,Jasper,,10257
President/Vice President,,Mitt Romney,Republican,county,Jasper,,8877
President/Vice President,,Total,,county,Jefferson,,8584
President/Vice President,,Over Votes,,county,Jefferson,,13
President/Vice President,,Under Votes,,county,Jefferson,,41
President/Vice President,,Write-In,,county,Jefferson,,91
President/Vice President,,Jerry Litzel,Nominated by Petition,county,Jefferson,,3
President/Vice President,,James Harris,Socialist Workers Party,county,Jefferson,,2
President/Vice President,,Gloria LaRiva,Party for Socialism and Liberation,county,Jefferson,,3
President/Vice President,,Gary Johnson,Libertarian,county,Jefferson,,126
President/Vice President,,Jill Stein,Iowa Green Party,county,Jefferson,,59
President/Vice President,,Virgil Goode,Constitution,county,Jefferson,,12
President/Vice President,,Barack Obama,Democratic,county,Jefferson,,4798
President/Vice President,,Mitt Romney,Republican,county,Jefferson,,3436
President/Vice President,,Total,,county,Johnson,,76199
President/Vice President,,Over Votes,,county,Johnson,,107
President/Vice President,,Under Votes,,county,Johnson,,115
President/Vice President,,Write-In,,county,Johnson,,320
President/Vice President,,Jerry Litzel,Nominated by Petition,county,Johnson,,26
President/Vice President,,James Harris,Socialist Workers Party,county,Johnson,,11
President/Vice President,,Gloria LaRiva,Party for Socialism and Liberation,county,Johnson,,10
President/Vice President,,Gary Johnson,Libertarian,county,Johnson,,846
President/Vice President,,Jill Stein,Iowa Green Party,county,Johnson,,333
President/Vice President,,Virgil Goode,Constitution,county,Johnson,,67
President/Vice President,,Barack Obama,Democratic,county,Johnson,,50666
President/Vice President,,Mitt Romney,Republican,county,Johnson,,23698
President/Vice President,,Total,,county,Jones,,10492
President/Vice President,,Over Votes,,county,Jones,,8
President/Vice President,,Under Votes,,county,Jones,,35
President/Vice President,,Write-In,,county,Jones,,49
President/Vice President,,Jerry Litzel,Nominated by Petition,county,Jones,,5
President/Vice President,,James Harris,Socialist Workers Party,county,Jones,,2
President/Vice President,,Gloria LaRiva,Party for Socialism and Liberation,county,Jones,,0
President/Vice President,,Gary Johnson,Libertarian,county,Jones,,83
President/Vice President,,Jill Stein,Iowa Green Party,county,Jones,,23
President/Vice President,,Virgil Goode,Constitution,county,Jones,,32
President/Vice President,,Barack Obama,Democratic,county,Jones,,5534
President/Vice President,,Mitt Romney,Republican,county,Jones,,4721
President/Vice President,,Total,,county,Keokuk,,5324
President/Vice President,,Over Votes,,county,Keokuk,,10
President/Vice President,,Under Votes,,county,Keokuk,,48
President/Vice President,,Write-In,,county,Keokuk,,35
President/Vice President,,Jerry Litzel,Nominated by Petition,county,Keokuk,,7
President/Vice President,,James Harris,Socialist Workers Party,county,Keokuk,,1
President/Vice President,,Gloria LaRiva,Party for Socialism and Liberation,county,Keokuk,,3
President/Vice President,,Gary Johnson,Libertarian,county,Keokuk,,36
President/Vice President,,Jill Stein,Iowa Green Party,county,Keokuk,,21
President/Vice President,,Virgil Goode,Constitution,county,Keokuk,,17
President/Vice President,,Barack Obama,Democratic,county,Keokuk,,2303
President/Vice President,,Mitt Romney,Republican,county,Keokuk,,2843
President/Vice President,,Total,,county,Kossuth,,8987
President/Vice President,,Over Votes,,county,Kossuth,,14
President/Vice President,,Under Votes,,county,Kossuth,,50
President/Vice President,,Write-In,,county,Kossuth,,39
President/Vice President,,Jerry Litzel,Nominated by Petition,county,Kossuth,,9
President/Vice President,,James Harris,Socialist Workers Party,county,Kossuth,,3
President/Vice President,,Gloria LaRiva,Party for Socialism and Liberation,county,Kossuth,,3
President/Vice President,,Gary Johnson,Libertarian,county,Kossuth,,43
President/Vice President,,Jill Stein,Iowa Green Party,county,Kossuth,,22
President/Vice President,,Virgil Goode,Constitution,county,Kossuth,,17
President/Vice President,,Barack Obama,Democratic,county,Kossuth,,3850
President/Vice President,,Mitt Romney,Republican,county,Kossuth,,4937
President/Vice President,,Total,,county,Lee,,19091
President/Vice President,,Over Votes,,county,Lee,,31
President/Vice President,,Under Votes,,county,Lee,,149
President/Vice President,,Write-In,,county,Lee,,116
President/Vice President,,Jerry Litzel,Nominated by Petition,county,Lee,,18
President/Vice President,,James Harris,Socialist Workers Party,county,Lee,,6
President/Vice President,,Gloria LaRiva,Party for Socialism and Liberation,county,Lee,,6
President/Vice President,,Gary Johnson,Libertarian,county,Lee,,161
President/Vice President,,Jill Stein,Iowa Green Party,county,Lee,,50
President/Vice President,,Virgil Goode,Constitution,county,Lee,,55
President/Vice President,,Barack Obama,Democratic,county,Lee,,10714
President/Vice President,,Mitt Romney,Republican,county,Lee,,7785
President/Vice President,,Total,,county,Linn,,118711
President/Vice President,,Over Votes,,county,Linn,,54
President/Vice President,,Under Votes,,county,Linn,,204
President/Vice President,,Write-In,,county,Linn,,576
President/Vice President,,Jerry Litzel,Nominated by Petition,county,Linn,,46
President/Vice President,,James Harris,Socialist Workers Party,county,Linn,,12
President/Vice President,,Gloria LaRiva,Party for Socialism and Liberation,county,Linn,,17
President/Vice President,,Gary Johnson,Libertarian,county,Linn,,1230
President/Vice President,,Jill Stein,Iowa Green Party,county,Linn,,221
President/Vice President,,Virgil Goode,Constitution,county,Linn,,148
President/Vice President,,Barack Obama,Democratic,county,Linn,,68581
President/Vice President,,Mitt Romney,Republican,county,Linn,,47622
President/Vice President,,Total,,county,Louisa,,5008
President/Vice President,,Over Votes,,county,Louisa,,16
President/Vice President,,Under Votes,,county,Louisa,,24
President/Vice President,,Write-In,,county,Louisa,,39
President/Vice President,,Jerry Litzel,Nominated by Petition,county,Louisa,,4
President/Vice President,,James Harris,Socialist Workers Party,county,Louisa,,1
President/Vice President,,Gloria LaRiva,Party for Socialism and Liberation,county,Louisa,,0
President/Vice President,,Gary Johnson,Libertarian,county,Louisa,,20
President/Vice President,,Jill Stein,Iowa Green Party,county,Louisa,,11
President/Vice President,,Virgil Goode,Constitution,county,Louisa,,21
President/Vice President,,Barack Obama,Democratic,county,Louisa,,2452
President/Vice President,,Mitt Romney,Republican,county,Louisa,,2420
President/Vice President,,Total,,county,Lucas,,4364
President/Vice President,,Over Votes,,county,Lucas,,10
President/Vice President,,Under Votes,,county,Lucas,,31
President/Vice President,,Write-In,,county,Lucas,,34
President/Vice President,,Jerry Litzel,Nominated by Petition,county,Lucas,,4
President/Vice President,,James Harris,Socialist Workers Party,county,Lucas,,1
President/Vice President,,Gloria LaRiva,Party for Socialism and Liberation,county,Lucas,,1
President/Vice President,,Gary Johnson,Libertarian,county,Lucas,,20
President/Vice President,,Jill Stein,Iowa Green Party,county,Lucas,,4
President/Vice President,,Virgil Goode,Constitution,county,Lucas,,18
President/Vice President,,Barack Obama,Democratic,county,Lucas,,1987
President/Vice President,,Mitt Romney,Republican,county,Lucas,,2254
President/Vice President,,Total,,county,Lyon,,6581
President/Vice President,,Over Votes,,county,Lyon,,9
President/Vice President,,Under Votes,,county,Lyon,,63
President/Vice President,,Write-In,,county,Lyon,,23
President/Vice President,,Jerry Litzel,Nominated by Petition,county,Lyon,,6
President/Vice President,,James Harris,Socialist Workers Party,county,Lyon,,2
President/Vice President,,Gloria LaRiva,Party for Socialism and Liberation,county,Lyon,,1
President/Vice President,,Gary Johnson,Libertarian,county,Lyon,,39
President/Vice President,,Jill Stein,Iowa Green Party,county,Lyon,,14
President/Vice President,,Virgil Goode,Constitution,county,Lyon,,23
President/Vice President,,Barack Obama,Democratic,county,Lyon,,1423
President/Vice President,,Mitt Romney,Republican,county,Lyon,,4978
President/Vice President,,Total,,county,Mahaska,,10951
President/Vice President,,Over Votes,,county,Mahaska,,20
President/Vice President,,Under Votes,,county,Mahaska,,48
President/Vice President,,Write-In,,county,Mahaska,,71
President/Vice President,,Jerry Litzel,Nominated by Petition,county,Mahaska,,5
President/Vice President,,James Harris,Socialist Workers Party,county,Mahaska,,1
President/Vice President,,Gloria LaRiva,Party for Socialism and Liberation,county,Mahaska,,5
President/Vice President,,Gary Johnson,Libertarian,county,Mahaska,,82
President/Vice President,,Jill Stein,Iowa Green Party,county,Mahaska,,28
President/Vice President,,Virgil Goode,Constitution,county,Mahaska,,30
President/Vice President,,Barack Obama,Democratic,county,Mahaska,,4213
President/Vice President,,Mitt Romney,Republican,county,Mahaska,,6448
President/Vice President,,Total,,county,Marion,,17752
President/Vice President,,Over Votes,,county,Marion,,5
President/Vice President,,Under Votes,,county,Marion,,60
President/Vice President,,Write-In,,county,Marion,,104
President/Vice President,,Jerry Litzel,Nominated by Petition,county,Marion,,9
President/Vice President,,James Harris,Socialist Workers Party,county,Marion,,7
President/Vice President,,Gloria LaRiva,Party for Socialism and Liberation,county,Marion,,10
President/Vice President,,Gary Johnson,Libertarian,county,Marion,,149
President/Vice President,,Jill Stein,Iowa Green Party,county,Marion,,30
President/Vice President,,Virgil Goode,Constitution,county,Marion,,43
President/Vice President,,Barack Obama,Democratic,county,Marion,,7507
President/Vice President,,Mitt Romney,Republican,county,Marion,,9828
President/Vice President,,Total,,county,Marshall,,19192
President/Vice President,,Over Votes,,county,Marshall,,58
President/Vice President,,Under Votes,,county,Marshall,,70
President/Vice President,,Write-In,,county,Marshall,,100
President/Vice President,,Jerry Litzel,Nominated by Petition,county,Marshall,,22
President/Vice President,,James Harris,Socialist Workers Party,county,Marshall,,4
President/Vice President,,Gloria LaRiva,Party for Socialism and Liberation,county,Marshall,,6
President/Vice President,,Gary Johnson,Libertarian,county,Marshall,,116
President/Vice President,,Jill Stein,Iowa Green Party,county,Marshall,,31
President/Vice President,,Virgil Goode,Constitution,county,Marshall,,56
President/Vice President,,Barack Obama,Democratic,county,Marshall,,10257
President/Vice President,,Mitt Romney,Republican,county,Marshall,,8472
President/Vice President,,Total,,county,Mills,,7245
President/Vice President,,Over Votes,,county,Mills,,0
President/Vice President,,Under Votes,,county,Mills,,33
President/Vice President,,Write-In,,county,Mills,,32
President/Vice President,,Jerry Litzel,Nominated by Petition,county,Mills,,6
President/Vice President,,James Harris,Socialist Workers Party,county,Mills,,2
President/Vice President,,Gloria LaRiva,Party for Socialism and Liberation,county,Mills,,7
President/Vice President,,Gary Johnson,Libertarian,county,Mills,,68
President/Vice President,,Jill Stein,Iowa Green Party,county,Mills,,19
President/Vice President,,Virgil Goode,Constitution,county,Mills,,14
President/Vice President,,Barack Obama,Democratic,county,Mills,,2848
President/Vice President,,Mitt Romney,Republican,county,Mills,,4216
President/Vice President,,Total,,county,Mitchell,,5636
President/Vice President,,Over Votes,,county,Mitchell,,4
President/Vice President,,Under Votes,,county,Mitchell,,46
President/Vice President,,Write-In,,county,Mitchell,,40
President/Vice President,,Jerry Litzel,Nominated by Petition,county,Mitchell,,6
President/Vice President,,James Harris,Socialist Workers Party,county,Mitchell,,2
President/Vice President,,Gloria LaRiva,Party for Socialism and Liberation,county,Mitchell,,2
President/Vice President,,Gary Johnson,Libertarian,county,Mitchell,,40
President/Vice President,,Jill Stein,Iowa Green Party,county,Mitchell,,17
President/Vice President,,Virgil Goode,Constitution,county,Mitchell,,5
President/Vice President,,Barack Obama,Democratic,county,Mitchell,,2831
President/Vice President,,Mitt Romney,Republican,county,Mitchell,,2643
President/Vice President,,Total,,county,Monona,,4779
President/Vice President,,Over Votes,,county,Monona,,1
President/Vice President,,Under Votes,,county,Monona,,36
President/Vice President,,Write-In,,county,Monona,,29
President/Vice President,,Jerry Litzel,Nominated by Petition,county,Monona,,3
President/Vice President,,James Harris,Socialist Workers Party,county,Monona,,1
President/Vice President,,Gloria LaRiva,Party for Socialism and Liberation,county,Monona,,3
President/Vice President,,Gary Johnson,Libertarian,county,Monona,,29
President/Vice President,,Jill Stein,Iowa Green Party,county,Monona,,10
President/Vice President,,Virgil Goode,Constitution,county,Monona,,9
President/Vice President,,Barack Obama,Democratic,county,Monona,,2101
President/Vice President,,Mitt Romney,Republican,county,Monona,,2557
President/Vice President,,Total,,county,Monroe,,3863
President/Vice President,,Over Votes,,county,Monroe,,6
President/Vice President,,Under Votes,,county,Monroe,,27
President/Vice President,,Write-In,,county,Monroe,,21
President/Vice President,,Jerry Litzel,Nominated by Petition,county,Monroe,,4
President/Vice President,,James Harris,Socialist Workers Party,county,Monroe,,2
President/Vice President,,Gloria LaRiva,Party for Socialism and Liberation,county,Monroe,,2
President/Vice President,,Gary Johnson,Libertarian,county,Monroe,,22
President/Vice President,,Jill Stein,Iowa Green Party,county,Monroe,,5
President/Vice President,,Virgil Goode,Constitution,county,Monroe,,17
President/Vice President,,Barack Obama,Democratic,county,Monroe,,1731
President/Vice President,,Mitt Romney,Republican,county,Monroe,,2026
President/Vice President,,Total,,county,Montgomery,,5058
President/Vice President,,Over Votes,,county,Montgomery,,4
President/Vice President,,Under Votes,,county,Montgomery,,29
President/Vice President,,Write-In,,county,Montgomery,,20
President/Vice President,,Jerry Litzel,Nominated by Petition,county,Montgomery,,8
President/Vice President,,James Harris,Socialist Workers Party,county,Montgomery,,2
President/Vice President,,Gloria LaRiva,Party for Socialism and Liberation,county,Montgomery,,1
President/Vice President,,Gary Johnson,Libertarian,county,Montgomery,,42
President/Vice President,,Jill Stein,Iowa Green Party,county,Montgomery,,18
President/Vice President,,Virgil Goode,Constitution,county,Montgomery,,11
President/Vice President,,Barack Obama,Democratic,county,Montgomery,,1922
President/Vice President,,Mitt Romney,Republican,county,Montgomery,,3001
President/Vice President,,Total,,county,Muscatine,,19936
President/Vice President,,Over Votes,,county,Muscatine,,30
President/Vice President,,Under Votes,,county,Muscatine,,41
President/Vice President,,Write-In,,county,Muscatine,,87
President/Vice President,,Jerry Litzel,Nominated by Petition,county,Muscatine,,11
President/Vice President,,James Harris,Socialist Workers Party,county,Muscatine,,6
President/Vice President,,Gloria LaRiva,Party for Socialism and Liberation,county,Muscatine,,3
President/Vice President,,Gary Johnson,Libertarian,county,Muscatine,,177
President/Vice President,,Jill Stein,Iowa Green Party,county,Muscatine,,48
President/Vice President,,Virgil Goode,Constitution,county,Muscatine,,42
President/Vice President,,Barack Obama,Democratic,county,Muscatine,,11323
President/Vice President,,Mitt Romney,Republican,county,Muscatine,,8168
President/Vice President,,Total,,county,Osceola,,3218
President/Vice President,,Over Votes,,county,Osceola,,0
President/Vice President,,Under Votes,,county,Osceola,,24
President/Vice President,,Write-In,,county,Osceola,,7
President/Vice President,,Jerry Litzel,Nominated by Petition,county,Osceola,,3
President/Vice President,,James Harris,Socialist Workers Party,county,Osceola,,4
President/Vice President,,Gloria LaRiva,Party for Socialism and Liberation,county,Osceola,,1
President/Vice President,,Gary Johnson,Libertarian,county,Osceola,,16
President/Vice President,,Jill Stein,Iowa Green Party,county,Osceola,,9
President/Vice President,,Virgil Goode,Constitution,county,Osceola,,12
President/Vice President,,Barack Obama,Democratic,county,Osceola,,912
President/Vice President,,Mitt Romney,Republican,county,Osceola,,2230
President/Vice President,,Total,,county,O'Brien,,7367
President/Vice President,,Over Votes,,county,O'Brien,,3
President/Vice President,,Under Votes,,county,O'Brien,,23
President/Vice President,,Write-In,,county,O'Brien,,34
President/Vice President,,Jerry Litzel,Nominated by Petition,county,O'Brien,,2
President/Vice President,,James Harris,Socialist Workers Party,county,O'Brien,,6
President/Vice President,,Gloria LaRiva,Party for Socialism and Liberation,county,O'Brien,,3
President/Vice President,,Gary Johnson,Libertarian,county,O'Brien,,33
President/Vice President,,Jill Stein,Iowa Green Party,county,O'Brien,,10
President/Vice President,,Virgil Goode,Constitution,county,O'Brien,,18
President/Vice President,,Barack Obama,Democratic,county,O'Brien,,1969
President/Vice President,,Mitt Romney,Republican,county,O'Brien,,5266
President/Vice President,,Total,,county,Palo Alto,,4929
President/Vice President,,Over Votes,,county,Palo Alto,,3
President/Vice President,,Under Votes,,county,Palo Alto,,39
President/Vice President,,Write-In,,county,Palo Alto,,18
President/Vice President,,Jerry Litzel,Nominated by Petition,county,Palo Alto,,3
President/Vice President,,James Harris,Socialist Workers Party,county,Palo Alto,,5
President/Vice President,,Gloria LaRiva,Party for Socialism and Liberation,county,Palo Alto,,5
President/Vice President,,Gary Johnson,Libertarian,county,Palo Alto,,28
President/Vice President,,Jill Stein,Iowa Green Party,county,Palo Alto,,17
President/Vice President,,Virgil Goode,Constitution,county,Palo Alto,,12
President/Vice President,,Barack Obama,Democratic,county,Palo Alto,,2139
President/Vice President,,Mitt Romney,Republican,county,Palo Alto,,2660
President/Vice President,,Total,,county,Plymouth,,12999
President/Vice President,,Over Votes,,county,Plymouth,,13
President/Vice President,,Under Votes,,county,Plymouth,,36
President/Vice President,,Write-In,,county,Plymouth,,45
President/Vice President,,Jerry Litzel,Nominated by Petition,county,Plymouth,,4
President/Vice President,,James Harris,Socialist Workers Party,county,Plymouth,,7
President/Vice President,,Gloria LaRiva,Party for Socialism and Liberation,county,Plymouth,,1
President/Vice President,,Gary Johnson,Libertarian,county,Plymouth,,89
President/Vice President,,Jill Stein,Iowa Green Party,county,Plymouth,,29
President/Vice President,,Virgil Goode,Constitution,county,Plymouth,,14
President/Vice President,,Barack Obama,Democratic,county,Plymouth,,4164
President/Vice President,,Mitt Romney,Republican,county,Plymouth,,8597
President/Vice President,,Total,,county,Pocahontas,,4069
President/Vice President,,Over Votes,,county,Pocahontas,,6
President/Vice President,,Under Votes,,county,Pocahontas,,31
President/Vice President,,Write-In,,county,Pocahontas,,26
President/Vice President,,Jerry Litzel,Nominated by Petition,county,Pocahontas,,9
President/Vice President,,James Harris,Socialist Workers Party,county,Pocahontas,,2
President/Vice President,,Gloria LaRiva,Party for Socialism and Liberation,county,Pocahontas,,2
President/Vice President,,Gary Johnson,Libertarian,county,Pocahontas,,47
President/Vice President,,Jill Stein,Iowa Green Party,county,Pocahontas,,16
President/Vice President,,Virgil Goode,Constitution,county,Pocahontas,,11
President/Vice President,,Barack Obama,Democratic,county,Pocahontas,,1523
President/Vice President,,Mitt Romney,Republican,county,Pocahontas,,2396
President/Vice President,,Total,,county,Polk,,230056
President/Vice President,,Over Votes,,county,Polk,,692
President/Vice President,,Under Votes,,county,Polk,,482
President/Vice President,,Write-In,,county,Polk,,1046
President/Vice President,,Jerry Litzel,Nominated by Petition,county,Polk,,132
President/Vice President,,James Harris,Socialist Workers Party,county,Polk,,57
President/Vice President,,Gloria LaRiva,Party for Socialism and Liberation,county,Polk,,38
President/Vice President,,Gary Johnson,Libertarian,county,Polk,,2183
President/Vice President,,Jill Stein,Iowa Green Party,county,Polk,,479
President/Vice President,,Virgil Goode,Constitution,county,Polk,,386
President/Vice President,,Barack Obama,Democratic,county,Polk,,128465
President/Vice President,,Mitt Romney,Republican,county,Polk,,96096
President/Vice President,,Total,,county,Pottawattamie,,42473
President/Vice President,,Over Votes,,county,Pottawattamie,,45
President/Vice President,,Under Votes,,county,Pottawattamie,,127
President/Vice President,,Write-In,,county,Pottawattamie,,212
President/Vice President,,Jerry Litzel,Nominated by Petition,county,Pottawattamie,,27
President/Vice President,,James Harris,Socialist Workers Party,county,Pottawattamie,,6
President/Vice President,,Gloria LaRiva,Party for Socialism and Liberation,county,Pottawattamie,,13
President/Vice President,,Gary Johnson,Libertarian,county,Pottawattamie,,328
President/Vice President,,Jill Stein,Iowa Green Party,county,Pottawattamie,,122
President/Vice President,,Virgil Goode,Constitution,county,Pottawattamie,,89
President/Vice President,,Barack Obama,Democratic,county,Pottawattamie,,19644
President/Vice President,,Mitt Romney,Republican,county,Pottawattamie,,21860
President/Vice President,,Total,,county,Poweshiek,,10035
President/Vice President,,Over Votes,,county,Poweshiek,,11
President/Vice President,,Under Votes,,county,Poweshiek,,49
President/Vice President,,Write-In,,county,Poweshiek,,49
President/Vice President,,Jerry Litzel,Nominated by Petition,county,Poweshiek,,7
President/Vice President,,James Harris,Socialist Workers Party,county,Poweshiek,,2
President/Vice President,,Gloria LaRiva,Party for Socialism and Liberation,county,Poweshiek,,2
President/Vice President,,Gary Johnson,Libertarian,county,Poweshiek,,79
President/Vice President,,Jill Stein,Iowa Green Party,county,Poweshiek,,31
President/Vice President,,Virgil Goode,Constitution,county,Poweshiek,,24
President/Vice President,,Barack Obama,Democratic,county,Poweshiek,,5357
President/Vice President,,Mitt Romney,Republican,county,Poweshiek,,4424
President/Vice President,,Total,,county,Ringgold,,2619
President/Vice President,,Over Votes,,county,Ringgold,,1
President/Vice President,,Under Votes,,county,Ringgold,,19
President/Vice President,,Write-In,,county,Ringgold,,13
President/Vice President,,Jerry Litzel,Nominated by Petition,county,Ringgold,,2
President/Vice President,,James Harris,Socialist Workers Party,county,Ringgold,,2
President/Vice President,,Gloria LaRiva,Party for Socialism and Liberation,county,Ringgold,,2
President/Vice President,,Gary Johnson,Libertarian,county,Ringgold,,12
President/Vice President,,Jill Stein,Iowa Green Party,county,Ringgold,,6
President/Vice President,,Virgil Goode,Constitution,county,Ringgold,,8
President/Vice President,,Barack Obama,Democratic,county,Ringgold,,1186
President/Vice President,,Mitt Romney,Republican,county,Ringgold,,1368
President/Vice President,,Total,,county,Sac,,5322
President/Vice President,,Over Votes,,county,Sac,,7
President/Vice President,,Under Votes,,county,Sac,,24
President/Vice President,,Write-In,,county,Sac,,22
President/Vice President,,Jerry Litzel,Nominated by Petition,county,Sac,,0
President/Vice President,,James Harris,Socialist Workers Party,county,Sac,,1
President/Vice President,,Gloria LaRiva,Party for Socialism and Liberation,county,Sac,,1
President/Vice President,,Gary Johnson,Libertarian,county,Sac,,26
President/Vice President,,Jill Stein,Iowa Green Party,county,Sac,,12
President/Vice President,,Virgil Goode,Constitution,county,Sac,,13
President/Vice President,,Barack Obama,Democratic,county,Sac,,2122
President/Vice President,,Mitt Romney,Republican,county,Sac,,3094
President/Vice President,,Total,,county,Scott,,90503
President/Vice President,,Over Votes,,county,Scott,,88
President/Vice President,,Under Votes,,county,Scott,,152
President/Vice President,,Write-In,,county,Scott,,336
President/Vice President,,Jerry Litzel,Nominated by Petition,county,Scott,,27
President/Vice President,,James Harris,Socialist Workers Party,county,Scott,,4
President/Vice President,,Gloria LaRiva,Party for Socialism and Liberation,county,Scott,,28
President/Vice President,,Gary Johnson,Libertarian,county,Scott,,702
President/Vice President,,Jill Stein,Iowa Green Party,county,Scott,,165
President/Vice President,,Virgil Goode,Constitution,county,Scott,,98
President/Vice President,,Barack Obama,Democratic,county,Scott,,50652
President/Vice President,,Mitt Romney,Republican,county,Scott,,38251
President/Vice President,,Total,,county,Shelby,,6548
President/Vice President,,Over Votes,,county,Shelby,,13
President/Vice President,,Under Votes,,county,Shelby,,52
President/Vice President,,Write-In,,county,Shelby,,18
President/Vice President,,Jerry Litzel,Nominated by Petition,county,Shelby,,1
President/Vice President,,James Harris,Socialist Workers Party,county,Shelby,,2
President/Vice President,,Gloria LaRiva,Party for Socialism and Liberation,county,Shelby,,3
President/Vice President,,Gary Johnson,Libertarian,county,Shelby,,56
President/Vice President,,Jill Stein,Iowa Green Party,county,Shelby,,12
President/Vice President,,Virgil Goode,Constitution,county,Shelby,,11
President/Vice President,,Barack Obama,Democratic,county,Shelby,,2469
President/Vice President,,Mitt Romney,Republican,county,Shelby,,3911
President/Vice President,,Total,,county,Sioux,,17354
President/Vice President,,Over Votes,,county,Sioux,,10
President/Vice President,,Under Votes,,county,Sioux,,36
President/Vice President,,Write-In,,county,Sioux,,63
President/Vice President,,Jerry Litzel,Nominated by Petition,county,Sioux,,1
President/Vice President,,James Harris,Socialist Workers Party,county,Sioux,,1
President/Vice President,,Gloria LaRiva,Party for Socialism and Liberation,county,Sioux,,1
President/Vice President,,Gary Johnson,Libertarian,county,Sioux,,76
President/Vice President,,Jill Stein,Iowa Green Party,county,Sioux,,14
President/Vice President,,Virgil Goode,Constitution,county,Sioux,,45
President/Vice President,,Barack Obama,Democratic,county,Sioux,,2700
President/Vice President,,Mitt Romney,Republican,county,Sioux,,14407
President/Vice President,,Total,,county,Tama,,9067
President/Vice President,,Over Votes,,county,Tama,,10
President/Vice President,,Under Votes,,county,Tama,,40
President/Vice President,,Write-In,,county,Tama,,51
President/Vice President,,Jerry Litzel,Nominated by Petition,county,Tama,,9
President/Vice President,,James Harris,Socialist Workers Party,county,Tama,,2
President/Vice President,,Gloria LaRiva,Party for Socialism and Liberation,county,Tama,,2
President/Vice President,,Gary Johnson,Libertarian,county,Tama,,45
President/Vice President,,Jill Stein,Iowa Green Party,county,Tama,,19
President/Vice President,,Virgil Goode,Constitution,county,Tama,,23
President/Vice President,,Barack Obama,Democratic,county,Tama,,4768
President/Vice President,,Mitt Romney,Republican,county,Tama,,4098
President/Vice President,,Total,,county,Taylor,,3019
President/Vice President,,Over Votes,,county,Taylor,,3
President/Vice President,,Under Votes,,county,Taylor,,21
President/Vice President,,Write-In,,county,Taylor,,13
President/Vice President,,Jerry Litzel,Nominated by Petition,county,Taylor,,2
President/Vice President,,James Harris,Socialist Workers Party,county,Taylor,,2
President/Vice President,,Gloria LaRiva,Party for Socialism and Liberation,county,Taylor,,0
President/Vice President,,Gary Johnson,Libertarian,county,Taylor,,19
President/Vice President,,Jill Stein,Iowa Green Party,county,Taylor,,4
President/Vice President,,Virgil Goode,Constitution,county,Taylor,,10
President/Vice President,,Barack Obama,Democratic,county,Taylor,,1262
President/Vice President,,Mitt Romney,Republican,county,Taylor,,1683
President/Vice President,,Total,,county,Union,,5982
President/Vice President,,Over Votes,,county,Union,,0
President/Vice President,,Under Votes,,county,Union,,25
President/Vice President,,Write-In,,county,Union,,30
President/Vice President,,Jerry Litzel,Nominated by Petition,county,Union,,5
President/Vice President,,James Harris,Socialist Workers Party,county,Union,,5
President/Vice President,,Gloria LaRiva,Party for Socialism and Liberation,county,Union,,1
President/Vice President,,Gary Johnson,Libertarian,county,Union,,37
President/Vice President,,Jill Stein,Iowa Green Party,county,Union,,10
President/Vice President,,Virgil Goode,Constitution,county,Union,,13
President/Vice President,,Barack Obama,Democratic,county,Union,,3043
President/Vice President,,Mitt Romney,Republican,county,Union,,2813
President/Vice President,,Total,,county,Van Buren,,3599
President/Vice President,,Over Votes,,county,Van Buren,,5
President/Vice President,,Under Votes,,county,Van Buren,,25
President/Vice President,,Write-In,,county,Van Buren,,19
President/Vice President,,Jerry Litzel,Nominated by Petition,county,Van Buren,,8
President/Vice President,,James Harris,Socialist Workers Party,county,Van Buren,,0
President/Vice President,,Gloria LaRiva,Party for Socialism and Liberation,county,Van Buren,,0
President/Vice President,,Gary Johnson,Libertarian,county,Van Buren,,35
President/Vice President,,Jill Stein,Iowa Green Party,county,Van Buren,,19
President/Vice President,,Virgil Goode,Constitution,county,Van Buren,,22
President/Vice President,,Barack Obama,Democratic,county,Van Buren,,1402
President/Vice President,,Mitt Romney,Republican,county,Van Buren,,2064
President/Vice President,,Total,,county,Wapello,,15837
President/Vice President,,Over Votes,,county,Wapello,,27
President/Vice President,,Under Votes,,county,Wapello,,40
President/Vice President,,Write-In,,county,Wapello,,81
President/Vice President,,Jerry Litzel,Nominated by Petition,county,Wapello,,10
President/Vice President,,James Harris,Socialist Workers Party,county,Wapello,,5
President/Vice President,,Gloria LaRiva,Party for Socialism and Liberation,county,Wapello,,5
President/Vice President,,Gary Johnson,Libertarian,county,Wapello,,110
President/Vice President,,Jill Stein,Iowa Green Party,county,Wapello,,38
President/Vice President,,Virgil Goode,Constitution,county,Wapello,,69
President/Vice President,,Barack Obama,Democratic,county,Wapello,,8663
President/Vice President,,Mitt Romney,Republican,county,Wapello,,6789
President/Vice President,,Total,,county,Warren,,26184
President/Vice President,,Over Votes,,county,Warren,,28
President/Vice President,,Under Votes,,county,Warren,,84
President/Vice President,,Write-In,,county,Warren,,145
President/Vice President,,Jerry Litzel,Nominated by Petition,county,Warren,,22
President/Vice President,,James Harris,Socialist Workers Party,county,Warren,,8
President/Vice President,,Gloria LaRiva,Party for Socialism and Liberation,county,Warren,,6
President/Vice President,,Gary Johnson,Libertarian,county,Warren,,188
President/Vice President,,Jill Stein,Iowa Green Party,county,Warren,,49
President/Vice President,,Virgil Goode,Constitution,county,Warren,,51
President/Vice President,,Barack Obama,Democratic,county,Warren,,12551
President/Vice President,,Mitt Romney,Republican,county,Warren,,13052
President/Vice President,,Total,,county,Washington,,11072
President/Vice President,,Over Votes,,county,Washington,,40
President/Vice President,,Under Votes,,county,Washington,,28
President/Vice President,,Write-In,,county,Washington,,66
President/Vice President,,Jerry Litzel,Nominated by Petition,county,Washington,,12
President/Vice President,,James Harris,Socialist Workers Party,county,Washington,,5
President/Vice President,,Gloria LaRiva,Party for Socialism and Liberation,county,Washington,,1
President/Vice President,,Gary Johnson,Libertarian,county,Washington,,103
President/Vice President,,Jill Stein,Iowa Green Party,county,Washington,,115
President/Vice President,,Virgil Goode,Constitution,county,Washington,,25
President/Vice President,,Barack Obama,Democratic,county,Washington,,5115
President/Vice President,,Mitt Romney,Republican,county,Washington,,5562
President/Vice President,,Total,,county,Wayne,,2915
President/Vice President,,Over Votes,,county,Wayne,,0
President/Vice President,,Under Votes,,county,Wayne,,15
President/Vice President,,Write-In,,county,Wayne,,14
President/Vice President,,Jerry Litzel,Nominated by Petition,county,Wayne,,6
President/Vice President,,James Harris,Socialist Workers Party,county,Wayne,,2
President/Vice President,,Gloria LaRiva,Party for Socialism and Liberation,county,Wayne,,2
President/Vice President,,Gary Johnson,Libertarian,county,Wayne,,21
President/Vice President,,Jill Stein,Iowa Green Party,county,Wayne,,8
President/Vice President,,Virgil Goode,Constitution,county,Wayne,,13
President/Vice President,,Barack Obama,Democratic,county,Wayne,,1251
President/Vice President,,Mitt Romney,Republican,county,Wayne,,1583
President/Vice President,,Total,,county,Webster,,18393
President/Vice President,,Over Votes,,county,Webster,,26
President/Vice President,,Under Votes,,county,Webster,,75
President/Vice President,,Write-In,,county,Webster,,78
President/Vice President,,Jerry Litzel,Nominated by Petition,county,Webster,,20
President/Vice President,,James Harris,Socialist Workers Party,county,Webster,,4
President/Vice President,,Gloria LaRiva,Party for Socialism and Liberation,county,Webster,,5
President/Vice President,,Gary Johnson,Libertarian,county,Webster,,92
President/Vice President,,Jill Stein,Iowa Green Party,county,Webster,,43
President/Vice President,,Virgil Goode,Constitution,county,Webster,,44
President/Vice President,,Barack Obama,Democratic,county,Webster,,9537
President/Vice President,,Mitt Romney,Republican,county,Webster,,8469
President/Vice President,,Total,,county,Winnebago,,5954
President/Vice President,,Over Votes,,county,Winnebago,,7
President/Vice President,,Under Votes,,county,Winnebago,,29
President/Vice President,,Write-In,,county,Winnebago,,23
President/Vice President,,Jerry Litzel,Nominated by Petition,county,Winnebago,,5
President/Vice President,,James Harris,Socialist Workers Party,county,Winnebago,,4
President/Vice President,,Gloria LaRiva,Party for Socialism and Liberation,county,Winnebago,,1
President/Vice President,,Gary Johnson,Libertarian,county,Winnebago,,37
President/Vice President,,Jill Stein,Iowa Green Party,county,Winnebago,,23
President/Vice President,,Virgil Goode,Constitution,county,Winnebago,,16
President/Vice President,,Barack Obama,Democratic,county,Winnebago,,2903
President/Vice President,,Mitt Romney,Republican,county,Winnebago,,2906
President/Vice President,,Total,,county,Winneshiek,,11158
President/Vice President,,Over Votes,,county,Winneshiek,,22
President/Vice President,,Under Votes,,county,Winneshiek,,52
President/Vice President,,Write-In,,county,Winneshiek,,52
President/Vice President,,Jerry Litzel,Nominated by Petition,county,Winneshiek,,4
President/Vice President,,James Harris,Socialist Workers Party,county,Winneshiek,,4
President/Vice President,,Gloria LaRiva,Party for Socialism and Liberation,county,Winneshiek,,1
President/Vice President,,Gary Johnson,Libertarian,county,Winneshiek,,87
President/Vice President,,Jill Stein,Iowa Green Party,county,Winneshiek,,40
President/Vice President,,Virgil Goode,Constitution,county,Winneshiek,,18
President/Vice President,,Barack Obama,Democratic,county,Winneshiek,,6256
President/Vice President,,Mitt Romney,Republican,county,Winneshiek,,4622
President/Vice President,,Total,,county,Worth,,4201
President/Vice President,,Over Votes,,county,Worth,,1
President/Vice President,,Under Votes,,county,Worth,,28
President/Vice President,,Write-In,,county,Worth,,21
President/Vice President,,Jerry Litzel,Nominated by Petition,county,Worth,,4
President/Vice President,,James Harris,Socialist Workers Party,county,Worth,,5
President/Vice President,,Gloria LaRiva,Party for Socialism and Liberation,county,Worth,,1
President/Vice President,,Gary Johnson,Libertarian,county,Worth,,28
President/Vice President,,Jill Stein,Iowa Green Party,county,Worth,,7
President/Vice President,,Virgil Goode,Constitution,county,Worth,,12
President/Vice President,,Barack Obama,Democratic,county,Worth,,2350
President/Vice President,,Mitt Romney,Republican,county,Worth,,1744
President/Vice President,,Total,,county,Wright,,6305
President/Vice President,,Over Votes,,county,Wright,,11
President/Vice President,,Under Votes,,county,Wright,,16
President/Vice President,,Write-In,,county,Wright,,22
President/Vice President,,Jerry Litzel,Nominated by Petition,county,Wright,,9
President/Vice President,,James Harris,Socialist Workers Party,county,Wright,,0
President/Vice President,,Gloria LaRiva,Party for Socialism and Liberation,county,Wright,,1
President/Vice President,,Gary Johnson,Libertarian,county,Wright,,37
President/Vice President,,Jill Stein,Iowa Green Party,county,Wright,,14
President/Vice President,,Virgil Goode,Constitution,county,Wright,,10
President/Vice President,,Barack Obama,Democratic,county,Wright,,2836
President/Vice President,,Mitt Romney,Republican,county,Wright,,3349
